/*
SQLyog Community v13.1.7 (64 bit)
MySQL - 5.7.32-log : Database - forum_proj
*********************************************************************
*/

/*!40101 SET NAMES utf8 */;

/*!40101 SET SQL_MODE=''*/;

/*!40014 SET @OLD_UNIQUE_CHECKS=@@UNIQUE_CHECKS, UNIQUE_CHECKS=0 */;
/*!40014 SET @OLD_FOREIGN_KEY_CHECKS=@@FOREIGN_KEY_CHECKS, FOREIGN_KEY_CHECKS=0 */;
/*!40101 SET @OLD_SQL_MODE=@@SQL_MODE, SQL_MODE='NO_AUTO_VALUE_ON_ZERO' */;
/*!40111 SET @OLD_SQL_NOTES=@@SQL_NOTES, SQL_NOTES=0 */;
CREATE DATABASE /*!32312 IF NOT EXISTS*/`forum_proj` /*!40100 DEFAULT CHARACTER SET utf8mb4 COLLATE utf8mb4_unicode_ci */;

USE `forum_proj`;

/*Table structure for table `posts` */

DROP TABLE IF EXISTS `posts`;

CREATE TABLE `posts` (
  `id` int(11) NOT NULL AUTO_INCREMENT,
  `post_body` text COLLATE utf8mb4_unicode_ci NOT NULL,
  `created_on` timestamp NOT NULL DEFAULT CURRENT_TIMESTAMP,
  `created_by_id` int(11) DEFAULT NULL,
  `last_edited_on` timestamp NULL DEFAULT CURRENT_TIMESTAMP ON UPDATE CURRENT_TIMESTAMP,
  `last_edited_by` int(11) DEFAULT NULL,
  `thread_id` int(11) NOT NULL,
  PRIMARY KEY (`id`)
) ENGINE=InnoDB AUTO_INCREMENT=151 DEFAULT CHARSET=utf8mb4 COLLATE=utf8mb4_unicode_ci;

/*Data for the table `posts` */

insert  into `posts`(`id`,`post_body`,`created_on`,`created_by_id`,`last_edited_on`,`last_edited_by`,`thread_id`) values 
(113,'Duis fermentum tortor vel massa pellentesque, id mollis purus sollicitudin. Proin posuere semper est, commodo sagittis urna sagittis vitae. Phasellus nibh tortor, tempus *in mauris quis*, pellentesque accumsan ante. Maecenas et sem sed augue accumsan pellentesque. Donec libero elit, gravida nec auctor id, posuere non erat. **Morbi molestie ligula sit amet lacus scelerisque tempus.** Nulla facilisi. Cras dapibus a leo ac volutpat. Fusce quis massa vehicula, semper massa a, tempus purus. Nunc sed consectetur augue. Etiam pulvinar euismod accumsan.','2021-06-08 16:45:13',1,'2021-06-08 16:45:13',NULL,28),
(114,'> Fusce dictum eros at mauris imperdiet auctor. Vestibulum fringilla dignissim libero, a facilisis est fringilla nec. Donec nunc quam, vestibulum quis neque ut, ultricies ornare lorem. Curabitur vitae metus consequat, bibendum augue a, ornare enim. Curabitur sodales diam vel mauris condimentum lobortis. Nulla facilisi. Aenean pharetra molestie tellus, eget sollicitudin lorem pharetra vel. Sed vitae facilisis ligula, ac eleifend purus. Suspendisse pharetra nibh sed efficitur tincidunt. Nullam et pharetra nisi, in sagittis orci. In eget tellus a sapien hendrerit imperdiet sed eget justo. Ut tincidunt fringilla erat non convallis. Sed gravida, nisl venenatis commodo sollicitudin, mi eros porttitor tellus, ac iaculis nisi massa a augue. Vestibulum nec commodo tellus, eget tempor ligula. Sed non nulla urna.\n\nVivamus cursus eu velit sodales aliquam. Ut pretium felis at eros efficitur vestibulum. Praesent ut lectus ut nisi sodales eleifend. Duis in imperdiet erat. Suspendisse vestibulum ultricies massa, at ultrices diam venenatis et. Donec eget egestas ante, vel consequat libero. Nunc posuere ornare lectus id varius. Vestibulum lacinia vel massa a finibus. Vestibulum feugiat enim purus, ut tristique sapien ultricies eget. Curabitur vel risus nunc. Cras sodales et ex vitae dignissim. Fusce in nisl et arcu semper varius nec id risus. Aliquam fringilla accumsan tellus, a maximus erat congue et. **Curabitur facilisis congue blandit. Etiam a elementum nibh.**\n\n','2021-06-08 16:45:58',1,'2021-06-08 16:45:58',NULL,28),
(115,'Pellentesque lobortis accumsan venenatis. Pellentesque lacinia imperdiet justo. Integer sed magna enim. Interdum et malesuada fames ac ante ipsum primis in faucibus. Morbi facilisis massa sapien, eleifend faucibus tortor dapibus quis. Quisque in bibendum ex. Nullam ut turpis venenatis, congue dolor ac, semper felis. Morbi erat nisl, euismod eget lacus sit amet, rutrum malesuada purus. Vestibulum rutrum mollis leo, vitae dictum tellus. Morbi euismod turpis id sem semper condimentum.\n\n','2021-06-08 16:46:31',3,'2021-06-08 16:46:31',NULL,28),
(116,'Curabitur et urna sit amet dui rhoncus volutpat in id ante. Nullam quis est porttitor, accumsan dolor nec, imperdiet sapien. Quisque maximus tristique gravida. Nulla facilisi. Phasellus varius felis nec hendrerit suscipit. Nullam efficitur urna massa, a faucibus ligula maximus ut. Cras nibh risus, congue vel velit in, fringilla pellentesque justo. Phasellus cursus dolor sed nisl vulputate, vel pulvinar elit rutrum. Vestibulum et felis eros. Nunc quis lectus in enim tempus interdum. Duis commodo odio eget rutrum efficitur.','2021-06-08 16:46:55',3,'2021-06-08 16:46:55',NULL,28),
(117,'Proin maximus mi elit. Sed vestibulum ligula ex, ac eleifend lectus dictum sed. Phasellus pulvinar augue sagittis, aliquet ligula sit amet, vulputate massa. Aliquam erat volutpat. Praesent sed velit ac sapien dictum sollicitudin quis non tellus. Phasellus nibh quam, volutpat et pretium a, vulputate sed urna. Sed interdum urna nec odio lacinia, nec placerat dui lobortis. Duis eu vestibulum augue. Nam quis pulvinar metus. Aenean finibus, nibh et porttitor viverra, risus nisl mattis leo, sit amet pellentesque dui ante ultrices libero. Aliquam erat volutpat.\n\nQuisque iaculis euismod velit, sed laoreet lectus dapibus quis. Morbi convallis diam sed metus tincidunt aliquet. Maecenas imperdiet odio at lorem scelerisque, sed tincidunt risus ullamcorper. Nunc nibh massa, imperdiet vel pretium et, ultrices non risus. Suspendisse eleifend vulputate rhoncus. Praesent odio erat, mollis pretium ullamcorper eu, varius vitae risus. Mauris et tellus metus. Ut sit amet pulvinar velit. Quisque commodo, dolor eget congue scelerisque, magna neque bibendum velit, sed fringilla leo ex a odio. In convallis nulla at massa eleifend, id molestie dolor posuere. Praesent at gravida nisi. Donec semper sed sapien quis vulputate. Mauris euismod, turpis in vestibulum volutpat, tortor magna tincidunt lorem, sit amet rutrum tortor odio non mauris.\n\nAliquam id lectus vitae arcu vulputate ultricies. Mauris condimentum dui sed leo placerat gravida. Aliquam erat volutpat. Suspendisse a sagittis tortor. Aliquam erat volutpat. Maecenas eget nunc diam. Pellentesque habitant morbi tristique senectus et netus et malesuada fames ac turpis egestas. Suspendisse et dignissim elit. Vestibulum ante ipsum primis in faucibus orci luctus et ultrices posuere cubilia curae; Maecenas hendrerit sodales enim, id aliquet leo dignissim eget. In maximus diam nec mi lobortis, in rutrum mi vestibulum. Quisque ac pharetra orci. Sed volutpat congue enim eget congue.\n\n','2021-06-08 16:47:07',3,'2021-06-08 16:47:07',NULL,28),
(118,'Quisque semper dui ut ex consectetur ullamcorper. Maecenas metus odio, bibendum id luctus vehicula, porta in dolor. Ut sit amet sodales nisi. Sed eget ex ut ligula auctor tincidunt sit amet sit amet arcu. Quisque pellentesque justo sit amet pharetra posuere. Duis odio urna, posuere ac bibendum vel, cursus cursus enim. Donec auctor venenatis lectus nec volutpat. Fusce tristique quis enim tincidunt vehicula. Morbi aliquam semper luctus. Interdum et malesuada fames ac ante ipsum primis in faucibus.\n\n','2021-06-08 16:47:17',3,'2021-06-08 16:47:17',NULL,28),
(119,'Integer porta nulla nulla, sit amet faucibus justo placerat a. Phasellus arcu velit, aliquam nec posuere sodales, rutrum ac velit. Maecenas vitae nibh vitae justo consequat blandit eu eu felis. Integer vehicula nisl sit amet malesuada tincidunt. Integer ac bibendum nulla. Aenean viverra massa at erat imperdiet dictum. Quisque vitae felis nisi. Nulla nec ipsum porttitor, facilisis magna eget, congue leo. Donec tristique elit vitae porttitor ultricies. Sed ut nisi at dolor pulvinar iaculis. Aliquam sollicitudin ligula augue, eu ullamcorper est varius ac. Vivamus ornare fringilla nulla eu accumsan. Cras sollicitudin turpis in rutrum mattis. Aliquam volutpat ante eget tellus bibendum eleifend.\n\nInteger sed tellus eu leo scelerisque ultrices vitae ac ipsum. Morbi id convallis libero, volutpat pharetra felis. Quisque libero est, placerat eu aliquet eu, sollicitudin eu orci. Etiam facilisis malesuada sollicitudin. Curabitur at est in lacus maximus rutrum. Sed lacinia hendrerit porttitor. Pellentesque maximus turpis vel mi scelerisque faucibus. Fusce vehicula urna eget odio tempor, et sollicitudin odio eleifend. In accumsan lorem lorem, non ultricies risus dapibus eu. Nam ultrices ullamcorper est sed malesuada.\n\nNunc dignissim ex eu neque blandit fringilla. Praesent tristique ligula ut lectus euismod lacinia. Aliquam vel est ex. In sit amet eros sit amet tellus laoreet rutrum rutrum sed erat. Aenean elementum nisl quis aliquam laoreet. Phasellus non nisl quis lorem condimentum dictum ut vel dui. Quisque ac metus nisi. Quisque rhoncus augue et consectetur mattis. Praesent nec nunc non diam malesuada fermentum in quis ex. Aliquam molestie lectus at fringilla pellentesque.\n\n','2021-06-08 16:47:37',3,'2021-06-08 16:47:37',NULL,28),
(120,'Nam tempor condimentum nunc, vel cursus nisi rhoncus placerat. Cras non mattis ipsum. Aenean consequat massa in enim aliquet, in venenatis libero venenatis. Nunc molestie enim eget eros iaculis tincidunt. Praesent a posuere eros. Nulla vulputate mi purus, ac blandit diam sagittis ac. Etiam vel massa eleifend, rhoncus elit auctor, cursus nunc.\n\n','2021-06-08 16:47:45',3,'2021-06-08 16:47:45',NULL,28),
(121,'Aenean vel quam faucibus, iaculis arcu sit amet, dictum ex. Aliquam erat volutpat. Donec eget est suscipit, volutpat enim vitae, pellentesque mauris. Duis placerat porta viverra. Nunc massa urna, aliquet sed ullamcorper quis, scelerisque vel magna. Suspendisse pharetra aliquam quam, id sodales felis cursus in. Duis consectetur mollis commodo. Ut fermentum tortor metus, sed egestas massa finibus id. Maecenas ultricies tellus sed odio bibendum, sit amet lacinia orci mattis. Mauris eu ante eleifend, facilisis lectus id, aliquam turpis.\n\n','2021-06-08 16:47:53',3,'2021-06-08 16:47:53',NULL,28),
(122,'Curabitur tristique arcu et tortor semper, a molestie enim aliquet. Aliquam sed elementum sapien, cursus rutrum tortor. Donec aliquam vitae urna vitae iaculis. Sed fermentum sapien tellus, id luctus sapien pharetra id. Sed metus nibh, placerat ac neque sed, aliquet scelerisque libero. Sed augue sapien, eleifend vel eleifend non, hendrerit sit amet est. Vestibulum sit amet leo mattis, convallis elit sit amet, dictum justo. Ut purus sem, ultrices a tristique non, aliquam vitae orci. Pellentesque sagittis euismod augue et fringilla. Integer consectetur arcu ut felis aliquet, nec facilisis mauris bibendum. Ut accumsan nec velit eleifend sagittis.\n\nUt quis urna id dolor viverra venenatis in vitae nulla. Curabitur eget sodales ex. Duis tincidunt ante in nibh pretium, vel laoreet justo varius. Aliquam ligula lectus, molestie eu augue ut, porta efficitur neque. Fusce non finibus est, quis accumsan elit. Aenean hendrerit varius sapien, quis consequat risus hendrerit ut. Fusce ut rutrum tortor. Proin vestibulum varius lorem. Nulla vitae ultrices felis, in iaculis lacus. Ut sollicitudin fringilla tempor. Etiam dapibus dui lorem, ut tristique ligula laoreet eget. Donec ullamcorper ligula tellus, in tempor est auctor vitae.\n\nAenean libero ex, dictum vel dignissim non, rhoncus at neque. Suspendisse non diam vitae ligula porttitor ornare. Integer mi elit, pellentesque at porttitor ut, pharetra quis massa. Donec leo massa, malesuada ac odio quis, dictum porttitor lacus. In sollicitudin libero nec nisi vehicula, eget ultrices ipsum venenatis. Aenean fringilla, nibh a condimentum tempor, mauris mauris lacinia arcu, id eleifend enim urna et lacus. Duis aliquam urna at congue ultricies. Suspendisse facilisis est nec vestibulum facilisis. Nulla vitae diam a felis eleifend ullamcorper sed a ligula. Nulla eget tortor venenatis, condimentum neque et, vulputate lectus. Suspendisse condimentum sapien id ex mollis venenatis.\n\n','2021-06-08 16:48:03',3,'2021-06-08 16:48:03',NULL,28),
(123,'Curabitur ut ex aliquet enim luctus tincidunt. Curabitur fermentum malesuada neque, non cursus erat vulputate vel. Nunc viverra nisi risus, aliquet aliquet diam dignissim eget. Integer eu nibh sem. Integer egestas commodo elit at ultricies. Phasellus convallis nibh ullamcorper ipsum tristique, sit amet tempor lorem eleifend. Vestibulum turpis erat, fringilla vitae nunc in, consequat dapibus est. Ut malesuada, tortor sed rhoncus pulvinar, nulla nibh convallis tellus, eget varius nulla justo sit amet dolor. Curabitur sagittis sodales lectus, ut commodo magna luctus vitae. Curabitur at pellentesque arcu, in ultricies justo. Quisque at sapien ut lorem tempus mollis. Quisque ultrices fringilla scelerisque. Pellentesque vel est euismod lacus maximus commodo eu ac nisi. Aliquam ultrices odio ut mi ultrices pharetra. Curabitur sollicitudin felis vel velit tempus, vel ullamcorper ligula tempus. Fusce id condimentum eros.\n\n','2021-06-08 16:48:14',3,'2021-06-08 16:48:14',NULL,28),
(124,'.','2021-06-08 16:49:10',3,'2021-06-08 16:49:10',NULL,24),
(125,'..','2021-06-08 16:49:14',3,'2021-06-08 16:49:14',NULL,24),
(126,'...','2021-06-08 16:49:19',3,'2021-06-08 16:49:19',NULL,24),
(127,'....','2021-06-08 16:49:25',3,'2021-06-08 16:49:25',NULL,24),
(128,'.....','2021-06-08 16:49:29',3,'2021-06-08 16:49:29',NULL,24),
(129,'..... .','2021-06-08 16:49:35',3,'2021-06-08 16:49:35',NULL,24),
(130,'..... ..','2021-06-08 16:49:41',3,'2021-06-08 16:49:41',NULL,24),
(131,'.... ...','2021-06-08 16:49:49',3,'2021-06-08 16:49:49',NULL,24),
(132,'..... ....','2021-06-08 16:50:29',3,'2021-06-08 16:50:29',NULL,24),
(133,'..... ....','2021-06-08 16:50:52',3,'2021-06-08 16:50:52',NULL,24),
(134,'..... ..... .','2021-06-08 16:51:04',3,'2021-06-08 16:51:04',NULL,24),
(135,'..... ..... ..','2021-06-08 16:51:29',3,'2021-06-08 16:51:29',NULL,24),
(136,'..... ..... ...','2021-06-08 16:51:54',3,'2021-06-08 16:51:54',NULL,24),
(137,'..... ..... ....','2021-06-08 16:52:05',3,'2021-06-08 16:52:05',NULL,24),
(138,'..... ..... .....','2021-06-08 16:52:34',3,'2021-06-08 16:52:54',NULL,24),
(139,'..... ..... ..... .','2021-06-08 16:53:12',3,'2021-06-08 16:53:12',NULL,24),
(140,'Sed erat elit, rutrum ut metus ac, vestibulum imperdiet neque. Nunc facilisis tempor blandit. Aliquam mauris justo, posuere quis orci mollis, fermentum varius neque. Proin vulputate libero congue, scelerisque quam nec, suscipit nulla. Nullam in mattis tortor. Nulla facilisi. Morbi ut urna vitae mauris vulputate faucibus. Nam et ipsum viverra massa lobortis suscipit eu nec risus. Pellentesque ut placerat erat. Nam rutrum nunc vel aliquet scelerisque. Orci varius natoque penatibus et magnis dis parturient montes, nascetur ridiculus mus. Suspendisse purus ipsum, auctor et tortor vel, viverra sodales arcu.\n\n','2021-06-08 16:54:12',4,'2021-06-08 16:54:12',NULL,25),
(141,'Proin pulvinar velit turpis, sed pharetra risus pharetra eu. In lobortis mollis ante, sed aliquet justo rutrum ullamcorper. Pellentesque a augue eros. Sed tempor in libero volutpat commodo. Cras quis bibendum risus, vel lacinia ante. In eget lacus dui. Pellentesque rhoncus lorem feugiat neque imperdiet euismod. Etiam non turpis leo. Phasellus purus libero, maximus sit amet neque sed, ultrices auctor arcu. Donec gravida ex a ornare suscipit. Aenean id velit quis augue porta feugiat. Sed quis porttitor ex. Nulla nisi risus, aliquet et nulla tempus, placerat egestas diam. Nunc id justo ac elit interdum porttitor in ac justo. Proin pellentesque blandit lectus et ullamcorper.\n\n','2021-06-08 16:54:17',4,'2021-06-08 16:54:17',NULL,25),
(142,'Sed aliquam semper facilisis. Nulla condimentum, dolor vel tincidunt sollicitudin, ex justo interdum nunc, eu commodo leo sapien sit amet nibh. Suspendisse vitae fermentum turpis, ut laoreet odio. Duis dui dui, viverra at fermentum quis, mollis in odio. Aliquam erat volutpat. Donec non lorem vel risus ornare mattis sit amet ut lectus. Mauris sed dui at leo aliquam ultricies ut ut nunc. Morbi id urna molestie, eleifend orci nec, dapibus lorem. Nunc fringilla rutrum nisl non consectetur. Maecenas id viverra arcu. Proin lacinia tincidunt metus at molestie. Praesent at libero non quam auctor convallis ac eget ipsum. Donec ac consectetur diam. Praesent elementum, quam ac pulvinar hendrerit, mauris purus imperdiet ligula, sit amet auctor nibh arcu sit amet eros. Aliquam pretium accumsan justo, efficitur ultrices felis. Fusce ut tristique metus, at aliquet nisi.\n\n','2021-06-08 16:54:23',4,'2021-06-08 16:54:23',NULL,25),
(143,'Duis in libero id eros convallis placerat non ut justo. Donec ac tempor nunc. Pellentesque eu turpis sed quam mollis imperdiet. Donec maximus nisl a nisl malesuada, ut vestibulum lectus blandit. Duis laoreet luctus quam ut tristique. Integer rutrum cursus vestibulum. Aenean quis sodales elit. Quisque rutrum imperdiet nibh, id lacinia quam mollis pharetra. Integer sit amet tempor eros, a consectetur nulla. Vestibulum at eros nec massa porta accumsan. Integer pharetra non velit a pharetra.\n\n','2021-06-08 16:54:30',4,'2021-06-08 16:54:30',NULL,25),
(144,'Integer rhoncus eget turpis quis vestibulum. Duis ultrices vestibulum urna, ac luctus justo ullamcorper posuere. Pellentesque auctor sit amet ligula ac facilisis. Aenean ut ex quis eros imperdiet cursus in eu tellus. Fusce purus nulla, cursus quis augue sed, laoreet volutpat tortor. Sed et semper neque. Quisque accumsan bibendum rutrum. Aliquam aliquet sem sed risus consectetur, vel imperdiet orci sollicitudin. Orci varius natoque penatibus et magnis dis parturient montes, nascetur ridiculus mus. Fusce feugiat ex quam, sit amet porta turpis commodo eu. Vestibulum elementum dolor purus, sed dignissim est maximus id. Aenean massa quam, mattis et vestibulum quis, placerat commodo arcu. Aenean bibendum, tortor quis mollis molestie, magna erat tincidunt purus, eu egestas massa lacus vitae velit.\n\n','2021-06-08 16:54:37',4,'2021-06-08 16:54:37',NULL,25),
(145,'Duis sit amet dignissim lacus, at vulputate leo. Nunc aliquet, mi id sodales consectetur, ex felis facilisis est, eget elementum dolor nisi quis enim. Aliquam interdum bibendum purus, ac volutpat nibh euismod vitae. Nulla ipsum leo, lacinia eget pellentesque ut, suscipit et nisl. Vestibulum gravida porta feugiat. Mauris orci velit, facilisis venenatis aliquam eget, commodo a nisl. Maecenas sagittis sagittis magna et imperdiet. Aenean aliquet est sit amet iaculis hendrerit. Sed venenatis nisl nisi, a interdum felis sodales et. Suspendisse id consectetur velit. Nunc maximus lacus luctus ante pharetra laoreet. Aliquam eu augue aliquam, pulvinar sapien in, luctus mi. Suspendisse fringilla a lacus ut rhoncus. Curabitur ac tellus nunc. Proin ut gravida tortor. Curabitur pulvinar mauris vitae tincidunt congue.\n\n','2021-06-08 16:54:48',4,'2021-06-08 16:54:48',NULL,25),
(146,'Lorem ipsum dolor sit amet, consectetur adipiscing elit. Aliquam at mollis velit, et malesuada neque. In sit amet tortor pharetra turpis gravida congue. Nam et ornare justo. Aenean ex erat, ornare id tempor in, lacinia sit amet augue. Aenean ullamcorper scelerisque nisi ut tempus. Duis pretium faucibus porttitor. Sed pretium, libero vitae convallis vulputate, nisi mauris finibus dui, sit amet mollis dui nulla ut ligula. Nunc consequat erat urna, eu tincidunt tellus interdum eu. Nunc euismod turpis nec quam suscipit, quis cursus urna convallis. Vestibulum efficitur sollicitudin purus id viverra. Ut in lectus a erat molestie rutrum. Aliquam ex massa, tempus a felis nec, placerat finibus neque. Donec luctus sem nec ipsum placerat aliquet. Mauris eget auctor nisi, vel tempor ante. Vivamus dictum purus ut pretium sodales.\n\nFusce eget nulla malesuada purus finibus luctus. Sed non feugiat odio, eu ullamcorper nisi. Duis vehicula, mi vitae fringilla posuere, felis lectus euismod ligula, at fermentum lectus odio at elit. Lorem ipsum dolor sit amet, consectetur adipiscing elit. Nulla sollicitudin nulla nisi, quis sagittis diam vulputate quis. Sed blandit mi quis facilisis laoreet. Sed lacinia scelerisque dignissim. Sed egestas pellentesque feugiat. Aenean ipsum augue, auctor nec lectus sit amet, porta eleifend ante. Suspendisse non magna in nibh fermentum tristique et in velit. Aliquam nibh tortor, semper rhoncus tempus id, bibendum vel nunc. Pellentesque venenatis mauris sapien. **Cras id massa blandit, auctor mi ut, sodales nunc.**\n\n>Praesent congue nibh in nunc facilisis, et condimentum sem consequat. Nullam et lacinia risus. Donec sit amet nulla ac leo varius congue et eu turpis. Class aptent taciti sociosqu ad litora torquent per conubia nostra, per inceptos himenaeos. Duis non tincidunt elit. Morbi ac scelerisque erat. Fusce ultricies iaculis condimentum. Nulla vitae consectetur quam, in tincidunt dui. Quisque blandit sodales nibh in convallis. Vivamus accumsan sapien lorem, quis laoreet enim convallis id. Praesent quis vulputate magna. Donec a mi vel leo ornare tincidunt consequat sit amet felis. Integer sodales, magna quis pellentesque porta, magna neque dapibus sapien, ac accumsan eros dolor venenatis dolor.\n\nDonec vulputate metus semper malesuada volutpat. Ut posuere ex sit amet leo pretium, in ornare risus posuere. Nunc efficitur nec enim vel iaculis. Nulla volutpat sit amet lectus efficitur sodales. Morbi mi massa, ullamcorper vehicula magna ac, bibendum commodo libero. Donec pretium vel augue non commodo. Donec sit amet eros elementum diam porta cursus. Curabitur venenatis congue aliquet. Mauris in augue magna. In nisl ante, mattis sit amet ex eget, molestie vehicula eros. Aenean ut urna in massa aliquet tincidunt.\n\n','2021-06-08 16:55:30',4,'2021-06-08 16:55:30',NULL,31),
(147,'Vestibulum facilisis dolor nec est pretium luctus. Morbi nec ex eget odio suscipit lacinia at in ante. Nulla lorem erat, mattis id ligula sit amet, dapibus bibendum lacus. Curabitur gravida, lorem nec consectetur imperdiet, sem leo mollis tortor, sed facilisis dui dui eu est. Sed quis sapien nisi. Nulla venenatis sem et nulla gravida, ut fermentum quam laoreet. Donec rhoncus enim at scelerisque elementum. Nullam et arcu vel nisi gravida tempus a a libero. Integer ut dui ut risus finibus vehicula sed at nisl. Nam ac tempor felis. Vivamus sed tellus a tellus volutpat euismod a nec quam.\n\n','2021-06-08 16:56:06',4,'2021-06-08 16:56:06',NULL,29),
(148,'Curabitur semper gravida massa, sed pellentesque urna convallis id. Curabitur ultrices tellus at congue faucibus. Morbi interdum in nibh sit amet aliquam. Ut tristique eros eu tortor porta tempus. Cras vitae tincidunt tortor. Aliquam erat volutpat. Donec in purus eget nisl aliquet fermentum ut pulvinar enim. Integer tristique mauris enim. Nunc sed faucibus augue. Nunc non sodales urna. Suspendisse eu suscipit erat.\n\n','2021-06-08 16:56:15',NULL,'2021-06-08 16:56:15',NULL,29),
(149,'Quisque vel ultricies nisi. Nulla facilisi. Nulla quam elit, rhoncus vel finibus in, molestie ut mi. Nullam volutpat augue sem, sed laoreet diam volutpat vitae. Nam vestibulum ex eget tellus egestas, dignissim accumsan neque mattis. Mauris non turpis suscipit, suscipit est sit amet, feugiat sem. Pellentesque quam lorem, volutpat eu fringilla eget, mattis sed dolor. Maecenas rutrum elit faucibus semper tristique. Nunc in enim nec ipsum efficitur pretium. Phasellus condimentum, tortor eu hendrerit congue, odio tellus tempus dui, ac luctus sem magna at risus. Duis id lacus arcu. Etiam non ante euismod, sollicitudin sapien ac, rutrum erat.\n\n','2021-06-08 16:56:23',NULL,'2021-06-08 16:56:23',NULL,29),
(150,'In pharetra rutrum eleifend. Proin eleifend velit eu ex interdum eleifend. Aliquam vulputate, arcu vel tincidunt rutrum, enim nisi aliquam urna, eget euismod magna purus nec neque. Nulla ut iaculis nulla. In ullamcorper sollicitudin tortor nec luctus. Nulla cursus commodo diam eget tincidunt. Etiam a gravida dolor. **Mauris tincidunt lacus nisi, eget elementum urna pretium eu. Etiam fermentum velit vel ante lobortis faucibus.** Aliquam aliquam, ex gravida vulputate luctus, ligula tortor accumsan felis, eu sollicitudin elit massa eget nibh. Sed diam sem, pharetra et nisl sed, sollicitudin ullamcorper magna.','2021-06-08 16:56:53',3,'2021-06-08 16:56:53',NULL,29);

/*Table structure for table `threads` */

DROP TABLE IF EXISTS `threads`;

CREATE TABLE `threads` (
  `id` int(11) NOT NULL AUTO_INCREMENT,
  `title` varchar(511) COLLATE utf8mb4_unicode_ci NOT NULL,
  `created_by_id` int(11) DEFAULT NULL,
  `created_on` timestamp NOT NULL DEFAULT CURRENT_TIMESTAMP,
  `locked` smallint(6) DEFAULT '0',
  `last_edited_by` int(11) DEFAULT NULL,
  `last_edited_on` timestamp NULL DEFAULT CURRENT_TIMESTAMP ON UPDATE CURRENT_TIMESTAMP,
  `last_post_created_on` timestamp NULL DEFAULT CURRENT_TIMESTAMP,
  `pinned` smallint(6) DEFAULT '0',
  `thread_body` text COLLATE utf8mb4_unicode_ci,
  PRIMARY KEY (`id`)
) ENGINE=InnoDB AUTO_INCREMENT=32 DEFAULT CHARSET=utf8mb4 COLLATE=utf8mb4_unicode_ci;

/*Data for the table `threads` */

insert  into `threads`(`id`,`title`,`created_by_id`,`created_on`,`locked`,`last_edited_by`,`last_edited_on`,`last_post_created_on`,`pinned`,`thread_body`) values 
(24,'Lorem ipsum dolor sit amet, consectetur adipiscing elit',NULL,'2021-06-08 16:37:08',0,NULL,'2021-06-08 16:37:08','2021-06-08 16:37:08',0,'Proin laoreet, ex non commodo mattis, est neque tempus erat, eget tempor mi odio ut arcu. Praesent facilisis felis id sem ultricies, ut dignissim velit luctus. Mauris rhoncus tempor urna, sit amet bibendum sem hendrerit consectetur. Aliquam felis risus, viverra in hendrerit ornare, dapibus sed magna. Mauris sagittis orci nec faucibus posuere. Nullam ante augue, vehicula vitae convallis sed, gravida placerat ipsum. Sed quis suscipit velit. Nullam congue, nulla eget iaculis ultricies, ligula libero aliquam sapien, ac mollis nisi libero eu urna. Pellentesque eros lectus, euismod ac velit ac, volutpat mollis ex. Maecenas et orci non urna iaculis lobortis ut nec tortor. Proin in convallis nisi, sit amet molestie libero. Vestibulum finibus interdum tristique. Mauris tempus urna in libero tincidunt, sed ultrices dolor placerat. Praesent lorem urna, faucibus non orci sed, venenatis interdum magna.\n\nPellentesque nec accumsan ante. Vivamus iaculis volutpat turpis, eget fermentum felis mattis id. Nam sit amet libero id nibh sagittis rhoncus consequat quis orci. Pellentesque lobortis lectus vitae sodales dapibus. Ut rutrum et nibh ac cursus. Sed quis consectetur nibh. Suspendisse elementum justo ac turpis finibus, vitae sollicitudin felis tincidunt. Suspendisse finibus, augue vel rutrum condimentum, nisi tellus placerat ipsum, sed pretium felis tellus sit amet tellus. Suspendisse eget bibendum tortor. Maecenas porttitor tortor id interdum viverra. Nullam quis dignissim augue, in pretium ipsum. Aliquam dapibus risus non ipsum blandit, a faucibus purus accumsan. Donec efficitur blandit nisi a pharetra. Nunc non luctus magna.\n\nMorbi volutpat aliquet ipsum sed rutrum. Nulla facilisi. Curabitur dapibus nunc diam, eu fermentum orci ultrices ultricies. In egestas aliquam sapien, nec iaculis felis viverra vel. Praesent rutrum mi a ipsum pretium tincidunt. Donec quis massa eget justo congue vestibulum id imperdiet libero. Sed condimentum elementum eros id interdum. Quisque quam sem, lobortis sed eleifend ac, rhoncus et nibh.'),
(25,'Phasellus odio dui',NULL,'2021-06-08 16:37:34',0,NULL,'2021-06-08 16:58:12','2021-06-08 16:37:34',0,'luctus at hendrerit at, congue at augue. Etiam vitae accumsan felis. Maecenas tortor magna, varius et bibendum id, elementum ac erat. Proin nisi ante, semper sed lobortis sit amet, accumsan in tellus. Duis consequat ut arcu vel interdum. Vestibulum risus nulla, feugiat eu ipsum volutpat, mollis tincidunt risus. Ut eget feugiat justo. *Nulla id lacus tortor.* Cras interdum nisl eget nisl volutpat tincidunt. Etiam vestibulum nulla at lorem pharetra, at maximus tortor laoreet. Duis vel lobortis justo. Donec malesuada pretium maximus. Phasellus iaculis quam interdum tortor dictum sagittis. In pulvinar tempor lectus, quis viverra risus placerat eu. Nunc blandit quam nec tristique dignissim.\n\nNullam at magna et mi venenatis sodales. Maecenas nec ligula nec leo accumsan sagittis sit amet a dui. Vestibulum finibus velit scelerisque justo pulvinar, vitae eleifend nunc porta. Aliquam nisl tortor, lobortis id ante eu, eleifend tincidunt mi. Morbi tristique tellus et est sagittis dictum at id nunc. Nam pharetra lacinia tortor at fringilla. Fusce ex lorem, blandit vitae risus sed, volutpat dapibus dolor. Donec malesuada dolor at diam dignissim, et malesuada nulla tristique. Aenean rhoncus tincidunt nisl non laoreet. Integer vitae cursus quam. Aliquam faucibus auctor varius. Ut fermentum purus ut velit pellentesque, a vulputate ligula tristique.\n\n'),
(26,'Proin sit amet ornare purus',NULL,'2021-06-08 16:37:58',1,NULL,'2021-06-08 16:42:13','2021-06-08 16:37:58',0,'Nullam id felis ultrices, sollicitudin lorem id, tempus nibh. Maecenas laoreet, odio eget interdum facilisis, tortor nisl semper orci, id convallis felis massa at nisl. Sed congue vehicula purus, id bibendum elit elementum sit amet. Vestibulum nisl lorem, tempus iaculis volutpat a, iaculis nec tortor. Nam feugiat feugiat purus quis sodales. Maecenas consectetur vehicula aliquam. Praesent congue elit dui. Maecenas sapien sapien, suscipit commodo pellentesque sit amet, gravida sed odio.'),
(27,'Donec cursus nunc et urna finibus eleifend',NULL,'2021-06-08 16:38:21',0,NULL,'2021-06-08 16:42:34','2021-06-08 16:38:21',0,'Aliquam sed vestibulum orci. Etiam quis ante viverra eros ornare rhoncus non eu ipsum. Phasellus euismod neque lectus, ut egestas odio ornare vel. Donec sollicitudin eget enim in elementum. Sed sodales justo tempor neque finibus suscipit ac non elit. Donec nec lorem nunc.\n\nSed nisl erat, ullamcorper ac sem quis, cursus semper tellus. Donec sit amet eros odio. Phasellus dapibus dictum sapien, ac sagittis justo ornare a. Phasellus tristique ut risus vel gravida. Proin pretium lorem sed metus consequat volutpat. Proin vitae lorem molestie nulla efficitur vestibulum a vitae mauris. Ut pellentesque a mauris id mattis. Quisque eget nulla mi.'),
(28,'Pellentesque efficitur sodales sem',NULL,'2021-06-08 16:38:58',0,NULL,'2021-06-08 16:42:23','2021-06-08 16:38:58',1,'Duis sapien sapien, pretium ac commodo sed, convallis ut tortor. Praesent id elementum nisl, non ullamcorper est. Donec in lacinia orci, sed consequat purus. Maecenas at est nibh. Sed eget aliquet nisi. Phasellus ut justo cursus, tempor elit maximus, luctus sapien. Ut pharetra magna nisi, nec commodo elit molestie eget. Cras elementum libero ut ex volutpat fringilla. Aenean ut leo eros. Vivamus a sapien magna. Maecenas turpis neque, placerat vel orci eget, pharetra vulputate nunc. Duis posuere posuere pharetra.'),
(29,'In lobortis quam a dictum lacinia',2,'2021-06-08 16:40:16',0,NULL,'2021-06-08 16:42:34','2021-06-08 16:40:16',0,'Morbi ultricies placerat lobortis. Vestibulum commodo efficitur libero, vitae imperdiet mauris. Nam urna orci, luctus vitae iaculis id, venenatis vitae nisi. Fusce non laoreet orci. Ut dui eros, tempus quis aliquam eget, ornare nec leo. Phasellus et justo quis quam lobortis tristique eu id sem. Interdum et malesuada fames ac ante ipsum primis in faucibus. Vivamus est felis, consequat in blandit sit amet, posuere in dolor. Pellentesque a porttitor eros. Etiam placerat diam eget sem mattis laoreet. Sed commodo commodo leo a facilisis. Morbi nec ligula non tellus mattis varius sed at tellus. Maecenas commodo, nunc eu molestie tempor, tellus ligula tempus ipsum, eu feugiat felis augue eu dolor. Integer sed ante ut ante molestie eleifend.\n\nEtiam pretium mi vitae ex varius, nec pretium libero condimentum. Etiam malesuada et nulla a egestas. Maecenas quis scelerisque massa. Proin ipsum nunc, commodo eu hendrerit non, egestas nec dui. In hac habitasse platea dictumst. Curabitur quis accumsan sapien, vel consequat diam. Mauris accumsan nisl odio, gravida congue justo sodales sit amet. Suspendisse potenti. Proin et lacus mattis, pharetra erat quis, vulputate magna. Morbi sed porta felis. Aenean mollis ut ligula non elementum. Nunc et est vel neque ullamcorper tempor ac sed eros. Vivamus feugiat rutrum risus non facilisis. Proin sit amet vulputate mauris. Cras risus purus, hendrerit sed elit elementum, pulvinar elementum ex. Class aptent taciti sociosqu ad litora torquent per conubia nostra, per inceptos himenaeos.\n\n'),
(30,'Sed at condimentum ligula',2,'2021-06-08 16:40:56',1,NULL,'2021-06-08 16:57:58','2021-06-08 16:40:56',1,'Suspendisse at sagittis leo, a venenatis massa. Ut malesuada orci vitae vestibulum consectetur. Vestibulum ornare enim vel libero ornare ullamcorper. Class aptent taciti sociosqu ad litora torquent per conubia nostra, per inceptos himenaeos. Nullam vitae nisl et turpis aliquam commodo. Vestibulum vitae bibendum augue, ut fringilla tellus. Suspendisse eu odio augue.\n\n> Interdum et malesuada fames ac ante ipsum primis in faucibus. Vivamus sed ligula id dui suscipit tempus quis sit amet lectus. In nec dapibus magna. Class aptent taciti sociosqu ad litora torquent per conubia nostra, per inceptos himenaeos. Sed tortor erat, sodales suscipit efficitur at, varius non massa. Proin dapibus molestie dapibus. Quisque finibus, orci sit amet hendrerit facilisis, tellus risus facilisis leo, id pulvinar velit ligula eu mauris. Duis ac velit sed odio feugiat varius.\n\nNam convallis, dui sed pellentesque sollicitudin, libero felis euismod metus, eget ornare tellus elit lobortis nulla. Ut pellentesque mi sit amet purus ultrices, ultrices tincidunt lorem faucibus. Fusce luctus rutrum justo, eget gravida neque lacinia non. Donec rutrum blandit rutrum. Aliquam erat volutpat. Cras consequat diam a libero tempor, eu condimentum dolor laoreet. Maecenas viverra ultricies iaculis. Fusce mi orci, placerat vestibulum velit facilisis, porta dapibus diam. Nam sed purus ac nisi malesuada facilisis id nec est.\n\nSuspendisse ut velit vel nisi porttitor rhoncus eu ut leo. Sed vel eros nec velit viverra euismod. Praesent eleifend turpis lectus, et congue leo ultrices et. Mauris non luctus erat, a ornare eros. Donec finibus laoreet dictum. Sed sem risus, ultrices ut commodo et, congue ut ex. Proin maximus orci non bibendum tincidunt. Fusce mattis felis felis, quis accumsan ante venenatis sed.\n\n'),
(31,'Aliquam laoreet tempor arcu ut tincidunt',1,'2021-06-08 16:43:10',0,NULL,'2021-06-08 16:43:10','2021-06-08 16:43:10',0,'Sed id venenatis nunc. Phasellus consequat, est sit amet congue elementum, ex velit interdum urna, vitae fringilla ex arcu iaculis velit. Donec pharetra pretium nibh id feugiat. Suspendisse non tellus vitae enim tempor elementum. Maecenas in nulla lectus. Fusce imperdiet risus lectus, id lobortis magna fermentum at. Etiam non dictum nunc, malesuada fringilla mauris. Proin eget ullamcorper diam, in pharetra velit.\n\nVestibulum ante ipsum primis in faucibus orci luctus et ultrices posuere cubilia curae; Pellentesque vel faucibus augue, vestibulum feugiat turpis. Nullam rutrum bibendum iaculis. Etiam rhoncus, nisi et semper dignissim, orci nibh fermentum orci, semper consequat est nisl ut diam. Proin elementum ex ultrices, molestie ipsum et, pharetra urna. Sed eros tellus, egestas a convallis eget, facilisis vitae dolor. Mauris venenatis bibendum libero et semper. Fusce non elit vitae est ultricies scelerisque. Mauris nulla orci, molestie in commodo et, posuere a sem. Sed maximus turpis enim. Pellentesque egestas, nunc a facilisis sodales, urna elit rhoncus elit, a pellentesque arcu risus quis ex. Sed vitae consectetur tellus. Phasellus finibus dictum dui vitae sagittis. Nulla non dui suscipit, iaculis purus eget, fermentum tellus. Donec nisl lacus, sollicitudin sed est vel, placerat tempor ligula. Nullam convallis volutpat ultrices.\n\nCras vitae condimentum nibh. Etiam sodales vehicula risus sed hendrerit. Vivamus et semper purus, non condimentum tellus. Donec ac iaculis libero. Sed semper lorem vitae libero volutpat luctus. Maecenas ullamcorper turpis enim, at rhoncus nunc varius et. Phasellus ornare nunc id erat aliquam, id rutrum nibh finibus. Praesent non tortor magna. Proin auctor, ligula ac pharetra lobortis, metus urna hendrerit ligula, fermentum porttitor augue nibh ac purus.\n\n');

/*Table structure for table `users` */

DROP TABLE IF EXISTS `users`;

CREATE TABLE `users` (
  `id` int(11) NOT NULL AUTO_INCREMENT,
  `username` varchar(255) COLLATE utf8mb4_unicode_ci DEFAULT NULL,
  `passwordhash` varchar(560) COLLATE utf8mb4_unicode_ci DEFAULT NULL,
  `email` varchar(560) COLLATE utf8mb4_unicode_ci DEFAULT NULL,
  `level` int(11) NOT NULL DEFAULT '0',
  `approved` tinyint(4) DEFAULT '0',
  PRIMARY KEY (`id`)
) ENGINE=InnoDB AUTO_INCREMENT=7 DEFAULT CHARSET=utf8mb4 COLLATE=utf8mb4_unicode_ci;

/*Data for the table `users` */

insert  into `users`(`id`,`username`,`passwordhash`,`email`,`level`,`approved`) values 
(1,'admin','240be518fabd2724ddb6f04eeb1da5967448d7e831c08c8fa822809f74c720a9','email@email.com',2,1),
(2,'SomeGuy','362b0b6d0da11b21d43eb350d3bec251f2a146cf957a7b220b9330035a78ba39','guy@some.com',1,1),
(3,'Dusan','8d2046ce54330d9470ba4060f8c7aae8f35534fd2f11ac5eaf54c40ece4131cc','dux@ducis.com',1,1),
(4,'Marko','b46ea4ca5b6cb70b2965d8483a1ba85b92644fe9f9e04a860c891d92589a1cf4','marko@marko.com',1,1),
(5,'Mandrak','8c9ce955a70f052b9e5fbebf114d1ff7d04475018089d0cd8a7549aeda2e640b','mandrak@mandrak.com',1,0);

/*!40101 SET SQL_MODE=@OLD_SQL_MODE */;
/*!40014 SET FOREIGN_KEY_CHECKS=@OLD_FOREIGN_KEY_CHECKS */;
/*!40014 SET UNIQUE_CHECKS=@OLD_UNIQUE_CHECKS */;
/*!40111 SET SQL_NOTES=@OLD_SQL_NOTES */;
