/*
SQLyog Community v13.1.7 (64 bit)
MySQL - 5.7.32-log : Database - forum_proj
*********************************************************************
*/

/*!40101 SET NAMES utf8 */;

/*!40101 SET SQL_MODE=''*/;

/*!40014 SET @OLD_UNIQUE_CHECKS=@@UNIQUE_CHECKS, UNIQUE_CHECKS=0 */;
/*!40014 SET @OLD_FOREIGN_KEY_CHECKS=@@FOREIGN_KEY_CHECKS, FOREIGN_KEY_CHECKS=0 */;
/*!40101 SET @OLD_SQL_MODE=@@SQL_MODE, SQL_MODE='NO_AUTO_VALUE_ON_ZERO' */;
/*!40111 SET @OLD_SQL_NOTES=@@SQL_NOTES, SQL_NOTES=0 */;
CREATE DATABASE /*!32312 IF NOT EXISTS*/`forum_proj` /*!40100 DEFAULT CHARACTER SET utf8mb4 COLLATE utf8mb4_unicode_ci */;

USE `forum_proj`;

/*Table structure for table `forums` */

DROP TABLE IF EXISTS `forums`;

CREATE TABLE `forums` (
  `id` int(11) NOT NULL AUTO_INCREMENT,
  `title` varchar(511) COLLATE utf8mb4_unicode_ci NOT NULL,
  `description` text COLLATE utf8mb4_unicode_ci,
  PRIMARY KEY (`id`)
) ENGINE=InnoDB AUTO_INCREMENT=4 DEFAULT CHARSET=utf8mb4 COLLATE=utf8mb4_unicode_ci;

/*Data for the table `forums` */

insert  into `forums`(`id`,`title`,`description`) values 
(1,'General Discussion',NULL),
(2,'Movies',NULL),
(3,'Books',NULL);

/*Table structure for table `messages` */

DROP TABLE IF EXISTS `messages`;

CREATE TABLE `messages` (
  `id` int(11) NOT NULL AUTO_INCREMENT,
  `created_on` datetime NOT NULL DEFAULT CURRENT_TIMESTAMP,
  `title` varchar(511) CHARACTER SET latin1 DEFAULT NULL,
  `message_body` text CHARACTER SET latin1 NOT NULL,
  `replay_to` int(11) DEFAULT NULL,
  `author_id` int(11) DEFAULT NULL,
  PRIMARY KEY (`id`)
) ENGINE=InnoDB DEFAULT CHARSET=utf8mb4 COLLATE=utf8mb4_unicode_ci;

/*Data for the table `messages` */

/*Table structure for table `moderators_users_forums` */

DROP TABLE IF EXISTS `moderators_users_forums`;

CREATE TABLE `moderators_users_forums` (
  `users_id` int(11) NOT NULL,
  `forums_id` int(11) NOT NULL,
  PRIMARY KEY (`users_id`,`forums_id`)
) ENGINE=InnoDB DEFAULT CHARSET=utf8mb4 COLLATE=utf8mb4_unicode_ci;

/*Data for the table `moderators_users_forums` */

/*Table structure for table `posts` */

DROP TABLE IF EXISTS `posts`;

CREATE TABLE `posts` (
  `id` int(11) NOT NULL AUTO_INCREMENT,
  `post_body` text COLLATE utf8mb4_unicode_ci NOT NULL,
  `created_on` timestamp NOT NULL DEFAULT CURRENT_TIMESTAMP,
  `created_by_id` int(11) DEFAULT NULL,
  `last_edited_on` timestamp NULL DEFAULT CURRENT_TIMESTAMP ON UPDATE CURRENT_TIMESTAMP,
  `last_edited_by` int(11) DEFAULT NULL,
  `thread_id` int(11) NOT NULL,
  PRIMARY KEY (`id`)
) ENGINE=InnoDB AUTO_INCREMENT=247 DEFAULT CHARSET=utf8mb4 COLLATE=utf8mb4_unicode_ci;

/*Data for the table `posts` */

insert  into `posts`(`id`,`post_body`,`created_on`,`created_by_id`,`last_edited_on`,`last_edited_by`,`thread_id`) values 
(200,'.','2021-07-12 07:40:24',NULL,'2021-07-12 07:40:24',NULL,96),
(201,'..','2021-07-12 07:40:29',NULL,'2021-07-12 07:40:29',NULL,96),
(202,'...','2021-07-12 07:40:32',NULL,'2021-07-12 07:40:32',NULL,96),
(203,'....','2021-07-12 07:40:37',NULL,'2021-07-12 07:40:37',NULL,96),
(204,'.....','2021-07-12 07:40:41',NULL,'2021-07-12 07:40:41',NULL,96),
(205,'..... .','2021-07-12 07:40:52',NULL,'2021-07-12 07:40:52',NULL,96),
(206,'..... ..','2021-07-12 07:41:08',NULL,'2021-07-12 07:41:08',NULL,96),
(207,'..... ...','2021-07-12 07:41:18',NULL,'2021-07-12 07:41:18',NULL,96),
(208,'..... ....','2021-07-12 07:41:26',NULL,'2021-07-12 07:41:26',NULL,96),
(209,'..... ..... ','2021-07-12 07:41:38',NULL,'2021-07-12 07:41:38',NULL,96),
(210,'..... ..... .','2021-07-12 07:41:47',NULL,'2021-07-12 07:41:47',NULL,96),
(211,'..... ..... ..','2021-07-12 07:41:53',NULL,'2021-07-12 07:41:53',NULL,96),
(212,'..... ..... ...','2021-07-12 07:41:58',NULL,'2021-07-12 07:41:58',NULL,96),
(213,'Lorem ipsum dolor sit amet, consectetur adipiscing elit. Maecenas ut ultrices eros. Praesent at tortor nec lacus pellentesque sagittis. Cras orci quam, ornare et metus vitae, ultricies blandit tortor. Nullam at dapibus orci, vel semper purus. Mauris et imperdiet tellus, quis pulvinar nisi. Donec ultrices imperdiet nibh non dapibus. Donec eget felis sagittis, eleifend justo a, vulputate velit. Suspendisse potenti. Maecenas malesuada dui libero, vitae ullamcorper odio lacinia nec. Sed rutrum nec mi quis viverra. Nunc id lacinia sem. In varius semper justo nec efficitur. Donec luctus arcu luctus felis pretium mollis. Pellentesque convallis quam at arcu iaculis tristique.','2021-07-12 07:42:28',NULL,'2021-07-12 07:42:28',NULL,87),
(214,'Lorem ipsum dolor sit amet, consectetur adipiscing elit. Maecenas ut ultrices eros. Praesent at tortor nec lacus pellentesque sagittis. Cras orci quam, ornare et metus vitae, ultricies blandit tortor. Nullam at dapibus orci, vel semper purus. Mauris et imperdiet tellus, quis pulvinar nisi. Donec ultrices imperdiet nibh non dapibus. Donec eget felis sagittis, eleifend justo a, vulputate velit. Suspendisse potenti. Maecenas malesuada dui libero, vitae ullamcorper odio lacinia nec. Sed rutrum nec mi quis viverra. Nunc id lacinia sem. In varius semper justo nec efficitur. Donec luctus arcu luctus felis pretium mollis. Pellentesque convallis quam at arcu iaculis tristique.','2021-07-12 07:42:46',NULL,'2021-07-12 07:42:46',NULL,85),
(215,'Nunc feugiat orci massa, in cursus diam mattis id. Quisque congue porttitor sagittis. Praesent porta, arcu nec ultrices bibendum, dui metus congue lectus, eget cursus magna lorem nec nisl. Phasellus pulvinar, ligula ut vehicula auctor, felis neque interdum arcu, id aliquam mauris enim mattis quam. Fusce dapibus velit non sapien dignissim molestie. Vivamus aliquam nibh quis mattis laoreet. Duis molestie consectetur erat in tempor.\n\n','2021-07-12 07:42:53',NULL,'2021-07-12 07:42:53',NULL,85),
(216,'Duis egestas semper neque, et vulputate erat pharetra sed. Nunc volutpat, sem at scelerisque lacinia, diam mauris pellentesque nisl, quis porttitor enim augue eget erat. Quisque felis purus, viverra et pellentesque vel, interdum in leo. Vivamus ac elit ipsum. Maecenas vehicula leo non eros egestas consectetur ac feugiat arcu. Praesent non elit sed tortor facilisis faucibus. Ut dolor nisl, pellentesque ac scelerisque eu, maximus sit amet enim. Nunc blandit mollis suscipit. Nulla at lobortis tortor. Duis ac sodales lectus.\n\n','2021-07-12 07:43:01',NULL,'2021-07-12 07:43:01',NULL,85),
(217,'Nullam in vulputate enim, et lacinia odio. Aliquam bibendum et ipsum a finibus. Nam laoreet leo nec mauris congue, quis convallis diam vulputate. In nec orci neque. Mauris gravida nisi sit amet mi vehicula, et condimentum ligula blandit. Etiam in arcu felis. Nullam euismod gravida eros, eu hendrerit mi tempus a. Suspendisse tempor, magna nec cursus dapibus, augue dui scelerisque felis, nec convallis justo eros sit amet mauris. Donec ligula nunc, auctor eu varius sed, pretium a nisl. Morbi dui velit, tincidunt sed quam ac, lobortis eleifend odio. Nulla quis aliquet orci.','2021-07-12 07:43:09',NULL,'2021-07-12 07:43:09',NULL,85),
(218,'Mauris venenatis nulla et tellus pellentesque, sollicitudin vehicula quam sollicitudin. Quisque ante nulla, fringilla in elit id, mollis porta odio. Donec urna diam, fermentum in purus at, vestibulum egestas leo. Quisque sodales tortor sed risus lobortis, hendrerit cursus mauris gravida. Etiam dictum feugiat quam id luctus. Pellentesque enim neque, auctor quis hendrerit non, accumsan vitae lectus. Vestibulum dictum, augue non sollicitudin porta, mauris tortor dignissim metus, sit amet vehicula turpis magna quis tortor.\n\n','2021-07-12 07:43:17',NULL,'2021-07-12 07:43:17',NULL,85),
(219,'Orci varius natoque penatibus et magnis dis parturient montes, nascetur ridiculus mus. Aenean tincidunt sem lorem, sit amet hendrerit arcu rhoncus ut. Suspendisse id mollis lorem, at tristique ante. Nam enim leo, fringilla id hendrerit at, scelerisque eget ligula. Mauris commodo luctus diam eget tempus. Nullam nibh sapien, bibendum quis elementum vel, rutrum a nisi. Aenean et accumsan nisl. Pellentesque bibendum ex eu elit sagittis placerat. Fusce egestas massa id dui tempus, in porta justo porta. Nam lacinia consectetur arcu tincidunt fermentum. Duis sed odio et lacus tristique convallis.\n\n','2021-07-12 07:43:24',NULL,'2021-07-12 07:43:24',NULL,85),
(220,'Vivamus vel lacus rhoncus, sodales tellus sed, vehicula diam. Nam sollicitudin, massa id laoreet efficitur, magna enim pharetra libero, a efficitur velit odio sed diam. Nulla sodales, ipsum vel feugiat feugiat, orci nulla molestie dui, eu malesuada lorem nisi nec mi. Pellentesque finibus commodo metus vel hendrerit. Nullam ac placerat tellus, dapibus lobortis tellus. Nullam pretium, nisl id egestas tincidunt, est lectus molestie massa, eget eleifend mauris ante sagittis nisl. Vestibulum sollicitudin interdum quam eu fermentum. Cras vel laoreet quam. Etiam finibus, sapien in rutrum dapibus, ex leo fermentum odio, eu tristique nisi lacus at neque. Nam vel est sed odio fringilla ornare. Suspendisse sed elit feugiat, vestibulum risus eget, eleifend erat. In vel faucibus erat. Suspendisse fringilla sapien tortor, et vestibulum eros molestie at. Praesent semper eget felis et finibus. Praesent ac tempus erat. Fusce laoreet iaculis justo id tempor.\n\n','2021-07-12 07:43:50',2,'2021-07-12 07:43:50',NULL,88),
(221,'Vestibulum vel nibh quis felis euismod dapibus quis in felis. Donec tristique leo lorem, eget iaculis tortor sollicitudin sit amet. Donec sem urna, consequat ut velit dictum, volutpat tristique erat. Vestibulum mollis ex sed nulla malesuada egestas. Pellentesque posuere hendrerit ipsum ut faucibus. Duis ipsum mi, molestie vel augue non, pretium dapibus nibh. Sed at felis congue, consectetur leo consequat, cursus arcu. Fusce laoreet elementum nunc. Duis at mattis sapien. Nulla tellus lectus, egestas nec elementum vitae, iaculis non ipsum. Curabitur sit amet ipsum et risus suscipit suscipit. Nam vitae enim sed ligula sodales maximus. Donec non tincidunt lacus, et porttitor augue. In dolor lacus, ultrices ac justo non, ultricies sollicitudin dui.\n\n','2021-07-12 07:43:55',2,'2021-07-12 07:43:55',NULL,88),
(222,'Nullam sagittis ultricies porttitor. Morbi non ipsum vulputate, iaculis leo maximus, ultricies nibh. Aliquam sed orci tortor. Vestibulum elit massa, dapibus ut posuere id, scelerisque dictum tortor. Morbi dapibus sit amet magna quis faucibus. Mauris sed rutrum nulla, pharetra dapibus quam. Mauris a ultricies magna, at euismod neque. Nam mi eros, tempus ut pharetra in, semper sed ex. Nullam pretium quis nisi at lacinia.\n\n','2021-07-12 07:44:02',2,'2021-07-12 07:44:02',NULL,88),
(223,'Nam at ullamcorper libero. Curabitur et faucibus mi. Praesent viverra eu erat non porttitor. Aenean placerat vel mi eget porttitor. Sed consequat tempor felis, et consequat metus posuere quis. In feugiat felis euismod, maximus lectus eget, ultricies sapien. Sed nec orci id enim euismod semper. Etiam rhoncus faucibus dui, vitae sollicitudin diam scelerisque pharetra. Duis dictum at nunc ac dignissim. Sed mi sem, accumsan ac malesuada faucibus, tristique sed enim. Suspendisse iaculis auctor leo.\n\n','2021-07-12 07:44:31',2,'2021-07-12 07:44:31',NULL,88),
(224,'Cras mattis semper nibh, quis sagittis lorem ullamcorper tincidunt. Nulla aliquam elit non mi congue finibus. *Sed et interdum nulla, non consectetur risus. Sed tristique ex congue tincidunt pellentesque. Sed eu interdum nibh,* in euismod quam. Fusce porta odio non commodo vehicula. Cras vel euismod enim, id vestibulum augue. In mattis velit vitae dolor blandit, at luctus elit fermentum. Fusce ac mollis nibh.','2021-07-12 07:44:45',2,'2021-07-12 07:44:45',NULL,88),
(225,'Nam pharetra odio quis nisl lacinia luctus. Mauris accumsan pulvinar arcu in faucibus. Duis id sagittis neque, et porta risus. Sed et sapien quis ante maximus maximus. Sed tincidunt, diam non convallis scelerisque, mi tortor laoreet orci, sed gravida ante ex eget magna. In blandit vehicula vestibulum. Nullam quam orci, vulputate id consequat posuere, hendrerit ut dolor. Curabitur mauris odio, bibendum id erat auctor, commodo gravida dolor. Nam congue aliquam venenatis. Nunc malesuada sollicitudin enim, commodo commodo nisl volutpat ac. Phasellus quis nulla nec lorem scelerisque malesuada. Nam id ipsum pellentesque, pretium elit sed, porttitor massa. Donec eu arcu a dolor finibus sodales rhoncus eget orci. Aenean ultrices sit amet libero vitae malesuada.\n\nDonec dignissim laoreet ante, quis vulputate lacus rhoncus ac. Proin vitae nisl mauris. Integer ac sagittis ex, in gravida nulla. **Praesent sed ornare massa.** Nunc sed dapibus nunc. Aliquam vel velit eleifend, luctus mauris eu, convallis elit. Mauris elementum dignissim arcu, a porta tortor pretium nec. Praesent cursus eleifend convallis. In aliquet leo a eros euismod condimentum. Integer tristique in nisl volutpat sodales. Morbi facilisis libero eget enim lacinia gravida. Phasellus venenatis augue est, at rutrum dui pharetra sit amet. Donec id cursus elit. Pellentesque sit amet est in arcu pulvinar porta.\n\n','2021-07-12 07:45:05',2,'2021-07-12 07:45:05',NULL,88),
(227,'Duis nec posuere libero. Integer eget ligula et tellus porta pretium. Praesent ac sem viverra, vestibulum tortor mattis, finibus est. Pellentesque eget ex vitae leo dapibus hendrerit. Sed dapibus, metus in faucibus convallis, est ex porta sapien, quis fringilla erat massa vitae ipsum. Pellentesque venenatis purus nec ipsum suscipit efficitur a non lacus. Sed commodo laoreet nibh, ut euismod lorem convallis non. Fusce sollicitudin feugiat rhoncus. Aenean ut rutrum dui, a commodo tortor. Praesent a enim dapibus nunc semper vestibulum. Donec quis enim ullamcorper, porta mi a, vulputate diam. Curabitur a lectus magna. Morbi porttitor lacus ac libero luctus aliquet.\n\n','2021-07-12 07:53:17',4,'2021-07-12 07:53:17',NULL,91),
(228,'Quisque sollicitudin a est vitae tincidunt. Class aptent taciti sociosqu ad litora torquent per conubia nostra, per inceptos himenaeos. Ut sit amet porttitor lorem, mattis faucibus erat. Quisque lobortis purus eget neque rutrum, quis suscipit felis euismod. Phasellus suscipit est sit amet consequat rhoncus. Sed lectus libero, volutpat nec arcu in, convallis mollis odio. Sed semper ante eget massa imperdiet interdum. Fusce sed gravida sapien, tincidunt volutpat erat. Nunc mauris odio, cursus eget interdum eget, molestie ut ligula.\n\nAenean fringilla varius tempus. Proin cursus metus vel tortor aliquet sagittis. Fusce a dolor ante. Etiam at elementum enim. In maximus eros augue, at bibendum ligula fringilla id. Curabitur venenatis rhoncus odio sed volutpat. Donec elit enim, consequat sed placerat sit amet, gravida ut augue.\n\n','2021-07-12 07:53:23',4,'2021-07-12 07:53:23',NULL,91),
(229,'Suspendisse sed nunc diam. Fusce fringilla, augue eu aliquam lacinia, orci tellus vehicula dui, eu aliquet diam neque in dolor. Pellentesque at ante sagittis, luctus tellus in, lacinia odio. Nullam facilisis dui efficitur turpis luctus, quis rhoncus metus facilisis. Donec id dolor eget nulla pretium viverra. Nunc condimentum nunc metus, vitae dictum velit ullamcorper non. Sed hendrerit sapien purus, ac viverra augue tempor eu. Cras sit amet urna sapien.\n\nNullam ornare ante et faucibus iaculis. Suspendisse nec diam sed ex interdum auctor. Suspendisse enim mauris, scelerisque in quam eget, pretium vehicula sem. Donec tincidunt mi et odio hendrerit, ac malesuada turpis finibus. Pellentesque ipsum purus, vulputate posuere viverra id, facilisis sit amet felis. Integer condimentum efficitur nibh. Nullam mattis leo nec augue laoreet porttitor. Sed nec hendrerit leo. Vestibulum accumsan felis odio, et semper tellus fermentum eu. Pellentesque non lacinia purus, quis auctor ante. Pellentesque libero arcu, tincidunt nec dolor non, vehicula ornare metus. Ut eget tempor est. Phasellus id sapien ligula. Suspendisse sed venenatis sapien. Maecenas eget nunc ullamcorper, laoreet est vehicula, sodales felis.\n\nNam ac pulvinar lacus. Orci varius natoque penatibus et magnis dis parturient montes, nascetur ridiculus mus. Morbi rhoncus turpis vitae metus luctus, at ultricies lacus varius. Aenean suscipit convallis enim, ut consectetur dolor vulputate tincidunt. Sed elementum nisl velit, vel accumsan enim faucibus a. Sed lacus mauris, efficitur a feugiat sit amet, dictum feugiat ipsum. Mauris nunc tortor, porta et nunc convallis, blandit interdum odio. **Donec non nulla interdum, ullamcorper ligula ac, eleifend dolor.** Maecenas fringilla enim a varius imperdiet. Sed vehicula quis quam auctor ornare. Mauris venenatis sollicitudin porta.\n\n','2021-07-12 07:53:35',4,'2021-07-12 07:53:35',NULL,91),
(230,'Suspendisse sed nunc diam. Fusce fringilla, augue eu aliquam lacinia, orci tellus vehicula dui, eu aliquet diam neque in dolor. Pellentesque at ante sagittis, luctus tellus in, lacinia odio. Nullam facilisis dui efficitur turpis luctus, quis rhoncus metus facilisis. Donec id dolor eget nulla pretium viverra. Nunc condimentum nunc metus, vitae dictum velit ullamcorper non. Sed hendrerit sapien purus, ac viverra augue tempor eu. Cras sit amet urna sapien.\n\nNullam ornare ante et faucibus iaculis. Suspendisse nec diam sed ex interdum auctor. Suspendisse enim mauris, scelerisque in quam eget, pretium vehicula sem. Donec tincidunt mi et odio hendrerit, ac malesuada turpis finibus. Pellentesque ipsum purus, vulputate posuere viverra id, facilisis sit amet felis. Integer condimentum efficitur nibh. Nullam mattis leo nec augue laoreet porttitor. Sed nec hendrerit leo. Vestibulum accumsan felis odio, et semper tellus fermentum eu. Pellentesque non lacinia purus, quis auctor ante. Pellentesque libero arcu, tincidunt nec dolor non, vehicula ornare metus. Ut eget tempor est. Phasellus id sapien ligula. Suspendisse sed venenatis sapien. Maecenas eget nunc ullamcorper, laoreet est vehicula, sodales felis.\n\nNam ac pulvinar lacus. Orci varius natoque penatibus et magnis dis parturient montes, nascetur ridiculus mus. Morbi rhoncus turpis vitae metus luctus, at ultricies lacus varius. Aenean suscipit convallis enim, ut consectetur dolor vulputate tincidunt. Sed elementum nisl velit, vel accumsan enim faucibus a. Sed lacus mauris, efficitur a feugiat sit amet, dictum feugiat ipsum. Mauris nunc tortor, porta et nunc convallis, blandit interdum odio. Donec non nulla interdum, ullamcorper ligula ac, eleifend dolor. Maecenas fringilla enim a varius imperdiet. Sed vehicula quis quam auctor ornare. Mauris venenatis sollicitudin porta.\n\n','2021-07-12 07:53:45',NULL,'2021-07-12 07:53:45',NULL,91),
(231,'Vestibulum vel convallis sapien. Aliquam pellentesque hendrerit tellus in gravida. Quisque posuere euismod metus a accumsan. Nullam non augue elit. Donec vulputate pellentesque mattis. Nam interdum neque tincidunt leo finibus, sit amet euismod odio tempor. Pellentesque feugiat interdum orci quis rhoncus. Mauris euismod lectus tellus, rhoncus sagittis nisl sollicitudin eget. Phasellus maximus molestie nunc ut venenatis. Nunc augue lectus, maximus vel magna vel, mollis porta enim. Nam et leo ipsum. Proin eu ligula sit amet mi accumsan laoreet.\n\n','2021-07-12 07:53:50',NULL,'2021-07-12 07:53:50',NULL,91),
(232,'Donec volutpat, ex non porttitor tincidunt, nunc nunc pellentesque nunc, a iaculis diam nisi in turpis. Praesent gravida felis at aliquam ultrices. Etiam facilisis porttitor tellus et elementum. Duis massa arcu, ultricies sed justo faucibus, tempor tempus nulla. Phasellus ut dignissim justo. Aliquam sed erat ante. Donec lacus orci, pellentesque eu hendrerit at, varius vel est. Fusce vestibulum purus euismod purus tincidunt, vel efficitur lectus commodo. Aenean pellentesque gravida metus, nec tincidunt lectus finibus eget.\n\n','2021-07-12 07:53:54',NULL,'2021-07-12 07:53:54',NULL,91),
(233,'Integer finibus facilisis orci imperdiet condimentum. In convallis lacinia purus, non feugiat dui placerat et. Mauris id hendrerit mauris, a dignissim dolor. Donec ultrices auctor ipsum ut volutpat. Etiam vel mi semper, dignissim lectus ac, gravida mi. Nam non lobortis mauris. Suspendisse dolor orci, porta id nulla at, fringilla blandit leo. Curabitur fringilla sodales accumsan. Pellentesque et orci in enim dignissim posuere quis dapibus massa. Aliquam egestas justo eget risus vulputate, sit amet rhoncus elit aliquam. Maecenas tincidunt dolor id facilisis luctus. Suspendisse sed lacus mauris. Morbi nibh mauris, feugiat vel pharetra quis, dapibus quis dolor. Etiam dapibus, est at fringilla semper, felis justo molestie tortor, vitae luctus velit lectus sit amet augue. Vestibulum placerat lectus vitae nisl pellentesque scelerisque. Sed imperdiet nisi a nunc tristique fermentum.\n\n','2021-07-12 07:53:58',NULL,'2021-07-12 07:53:58',NULL,91),
(234,'Fusce in neque nibh. Phasellus interdum egestas arcu. Nam bibendum imperdiet arcu nec scelerisque. Morbi tempor accumsan elit, id eleifend lorem ornare vel. Quisque vitae velit nisi. Sed vitae velit sem. Vivamus nisi ex, laoreet at sapien sed, ultrices aliquet justo. Aliquam commodo sem eget mollis euismod. Aenean mattis quis ex in fringilla. Curabitur id condimentum nisl. Orci varius natoque penatibus et magnis dis parturient montes, nascetur ridiculus mus.\n\nIn ac eros risus. Donec euismod blandit elit a placerat. Phasellus nec varius risus. Mauris ac tellus ac neque varius maximus non ut nisi. Curabitur euismod porttitor nunc, et condimentum nisl ultrices a. Aliquam euismod posuere tincidunt. Nullam porta vestibulum diam, eget iaculis ante bibendum nec. Proin sollicitudin rhoncus velit ac vestibulum. Phasellus pharetra, dolor sed dapibus consequat, massa turpis malesuada lectus, eu rutrum tellus nulla sit amet arcu. Curabitur consequat leo nec diam tincidunt elementum. Nam vel nunc vel nunc dapibus egestas at eu nisi. Aenean tellus nibh, elementum sit amet neque ultricies, pharetra pretium ipsum. Ut molestie mollis tristique. Nunc risus diam, interdum ac venenatis quis, porta non elit.\n\nNam nec hendrerit nunc. Suspendisse volutpat dolor ac eros venenatis pretium a a mi. Suspendisse vitae laoreet leo. Mauris et mollis massa. Aenean rutrum arcu non orci accumsan imperdiet. Sed erat nulla, condimentum at urna eu, lacinia dapibus mi. Aliquam quam ex, condimentum eu metus id, malesuada faucibus orci.\n\n','2021-07-12 07:54:02',NULL,'2021-07-12 07:54:02',NULL,91),
(235,'Nam mattis iaculis ligula non pharetra. Nam at ante quis ex porttitor bibendum. Nunc ac fermentum risus, vel pulvinar ex. Phasellus vehicula leo sed molestie semper. Quisque ex eros, vestibulum vitae nisl porttitor, iaculis tempor nunc. Ut commodo dignissim nulla, eget pellentesque nisi maximus ut. Integer euismod risus sed hendrerit laoreet. Fusce non erat at lorem gravida sodales nec eget lectus. In eleifend in sem accumsan tincidunt. Etiam rutrum pulvinar lorem.\n\n','2021-07-12 07:54:08',NULL,'2021-07-12 07:54:08',NULL,91),
(236,'Integer commodo sapien in erat interdum, et molestie risus sollicitudin. Nullam sagittis viverra nunc, quis vestibulum ex bibendum non. Duis non eros facilisis quam faucibus sollicitudin id convallis lorem. Duis at tellus sit amet nisi commodo vehicula. Praesent feugiat ante et pulvinar tincidunt. Aenean vehicula ipsum quis imperdiet sollicitudin. Mauris nec nisi nec tortor consequat facilisis. Nullam tortor dolor, bibendum quis lacinia quis, tincidunt vitae lorem. Donec eu sagittis erat. Morbi ac luctus lectus. Morbi eleifend ultrices dui at interdum. Duis egestas sem quis lorem tristique, vel tincidunt neque fermentum. Mauris fringilla eget tortor ac laoreet. Pellentesque habitant morbi tristique senectus et netus et malesuada fames ac turpis egestas. In hac habitasse platea dictumst. Nunc non porttitor lorem.\n\n','2021-07-12 07:54:14',NULL,'2021-07-12 07:54:14',NULL,91),
(237,'Nullam nisi justo, vehicula faucibus nisi et, pretium consequat odio. Curabitur at eros ultricies, efficitur felis et, elementum ex. Morbi aliquam porttitor mauris, at efficitur nulla condimentum in. Sed commodo tellus id rutrum ullamcorper. Ut quis mattis risus. Nunc tincidunt lobortis aliquam. Sed ut euismod quam, ac venenatis neque.\n\n','2021-07-12 07:54:36',3,'2021-07-12 07:54:36',NULL,91),
(238,'In mollis nisl sed fringilla blandit. Quisque eleifend urna tortor, a rhoncus sapien sodales pretium. Mauris vulputate feugiat ipsum, quis luctus urna ultricies eget. Curabitur finibus nunc ac erat tempor, ut condimentum mauris congue. Orci varius natoque penatibus et magnis dis parturient montes, nascetur ridiculus mus. Duis semper, risus id tempor lobortis, sem lorem blandit ligula, ut efficitur arcu leo ut odio. Fusce tristique nec lectus id suscipit. Nam auctor viverra dictum. Cras sit amet elit leo. Donec euismod condimentum erat ut pharetra.\n\n','2021-07-12 07:54:44',3,'2021-07-12 07:54:44',NULL,91),
(239,'Phasellus nec mi ut enim sagittis rhoncus sed imperdiet diam. Praesent accumsan est lorem, non sollicitudin eros cursus at. Quisque ipsum odio, fringilla eget feugiat quis, hendrerit nec magna. Vivamus est turpis, consequat ut dolor eu, elementum sagittis tortor. Quisque id facilisis risus, nec iaculis mi. Curabitur nunc lectus, tincidunt et dignissim a, feugiat sed mi. Maecenas massa leo, vehicula eget ullamcorper a, interdum ac nibh. Etiam nec ante est.\n\n','2021-07-12 07:54:50',3,'2021-07-12 07:54:50',NULL,91),
(240,'Pellentesque in dignissim mi. Phasellus odio neque, ornare id gravida eu, posuere sed diam. Donec nisi felis, tincidunt nec mi non, ultricies convallis lacus. Suspendisse risus lorem, commodo sed tortor quis, auctor bibendum tellus. Sed et ante ac orci aliquet semper. Maecenas hendrerit lorem vitae nisi scelerisque, in auctor turpis elementum. Integer ut dapibus nibh. Cras tempor quam sit amet arcu aliquam viverra. Nam sit amet dolor nec felis tempor viverra sit amet vitae sem. Nulla at neque viverra, dapibus erat ac, vestibulum orci.\n\n','2021-07-12 07:54:55',3,'2021-07-12 07:54:55',NULL,91),
(241,'Nulla vestibulum hendrerit laoreet. Nam aliquet mi vitae ligula cursus, quis vestibulum ligula placerat. Ut nibh ligula, finibus sit amet facilisis eu, elementum vel tellus. Nunc posuere ac lectus pellentesque euismod. Sed vulputate, est quis tristique aliquam, quam dolor cursus est, a pellentesque lorem velit et sem. Duis pulvinar ex ut ligula auctor, sit amet maximus arcu fringilla. Praesent pretium dictum vehicula. Etiam ac diam venenatis, volutpat felis sit amet, aliquam augue. Fusce eget libero a ligula malesuada fringilla in vitae nulla. Maecenas scelerisque lacus vel tortor pellentesque, id finibus nulla rhoncus. Nam ut metus ultrices, luctus nisi et, placerat nibh. Etiam urna ante, blandit eget posuere ac, fringilla a orci. Vestibulum cursus nulla sit amet ultrices tincidunt.\n\n','2021-07-12 07:55:00',3,'2021-07-12 07:55:00',NULL,91),
(242,'Nulla facilisi. Integer sit amet pretium quam. Integer lobortis id massa imperdiet efficitur. Quisque tincidunt pulvinar gravida. Curabitur sit amet tellus eu leo mollis volutpat ac pellentesque est. Duis pulvinar viverra eleifend. Donec in purus risus. Vivamus tristique sagittis efficitur. Vestibulum sed tempor quam. Aenean a malesuada sapien, eget consequat risus. Nulla laoreet dapibus placerat.\n\n','2021-07-12 07:55:04',3,'2021-07-12 07:55:04',NULL,91),
(243,'Proin lobortis dui sed nisi semper lobortis. Ut non viverra metus. Ut laoreet sollicitudin ipsum sed luctus. Donec suscipit quam non arcu rutrum eleifend. Duis non dolor at est efficitur ullamcorper. Nulla in felis vulputate, efficitur nisl vel, bibendum mi. Vestibulum viverra ut ipsum ac congue. In quis aliquet risus, vel dictum tellus. Proin sed nibh lectus.\n\n','2021-07-12 07:55:08',3,'2021-07-12 07:55:08',NULL,91),
(244,'bump','2021-07-13 01:21:23',1,'2021-07-13 01:21:23',NULL,97),
(245,'bump','2021-07-13 01:22:08',NULL,'2021-07-13 01:22:08',NULL,98),
(246,'bump','2021-07-13 01:24:32',NULL,'2021-07-13 01:24:32',NULL,106);

/*Table structure for table `recipients_users_messages` */

DROP TABLE IF EXISTS `recipients_users_messages`;

CREATE TABLE `recipients_users_messages` (
  `id` int(11) NOT NULL AUTO_INCREMENT,
  `message_id` int(11) NOT NULL,
  `user_id` int(11) NOT NULL,
  PRIMARY KEY (`id`)
) ENGINE=InnoDB DEFAULT CHARSET=latin1;

/*Data for the table `recipients_users_messages` */

/*Table structure for table `threads` */

DROP TABLE IF EXISTS `threads`;

CREATE TABLE `threads` (
  `id` int(11) NOT NULL AUTO_INCREMENT,
  `title` varchar(511) COLLATE utf8mb4_unicode_ci NOT NULL,
  `created_by_id` int(11) DEFAULT NULL,
  `created_on` timestamp NOT NULL DEFAULT CURRENT_TIMESTAMP,
  `locked` smallint(6) DEFAULT '0',
  `last_edited_by` int(11) DEFAULT NULL,
  `last_edited_on` timestamp NULL DEFAULT CURRENT_TIMESTAMP ON UPDATE CURRENT_TIMESTAMP,
  `pinned` smallint(6) DEFAULT '0',
  `thread_body` text COLLATE utf8mb4_unicode_ci,
  `forum_id` int(11) NOT NULL DEFAULT '1',
  PRIMARY KEY (`id`)
) ENGINE=InnoDB AUTO_INCREMENT=109 DEFAULT CHARSET=utf8mb4 COLLATE=utf8mb4_unicode_ci;

/*Data for the table `threads` */

insert  into `threads`(`id`,`title`,`created_by_id`,`created_on`,`locked`,`last_edited_by`,`last_edited_on`,`pinned`,`thread_body`,`forum_id`) values 
(85,'Nulla facilisi',NULL,'2021-07-12 07:26:25',0,NULL,'2021-07-12 07:26:25',0,'Lorem ipsum dolor sit amet, consectetur adipiscing elit. Maecenas ut feugiat dui. Donec felis orci, interdum vel sapien vitae, consectetur congue risus. Donec lacinia nunc sapien, eu porta enim interdum ac. Donec ut lacinia nulla. Sed luctus consequat neque, ut volutpat risus mattis volutpat. Maecenas ornare sapien sed aliquam facilisis. Nulla facilisi. In accumsan augue eget dui tristique ultricies. Duis elementum id sapien nec ultricies. Mauris tincidunt nisl nec sem finibus fringilla. Fusce convallis magna vitae purus ornare vestibulum. Phasellus augue risus, viverra eu viverra vitae, pharetra tempor nunc. Proin eleifend lorem placerat mollis accumsan. Interdum et malesuada fames ac ante ipsum primis in faucibus.\n\n> In sit amet laoreet risus, eu consequat ipsum. Fusce rutrum turpis finibus erat lobortis faucibus. Pellentesque efficitur mi erat, et malesuada eros dignissim non. Suspendisse potenti. Donec sit amet quam quis sem scelerisque dignissim quis a mi. Integer risus neque, dictum in commodo et, ullamcorper consequat sem. Nunc sodales fermentum risus id dapibus. Pellentesque sollicitudin porttitor dapibus. Ut malesuada, elit eget vulputate faucibus, diam sapien ultricies eros, nec rutrum urna ligula eu dui. Donec vitae purus vel purus mollis dignissim. Mauris vel euismod turpis. Donec dapibus elit tempor lorem lobortis dapibus. Sed feugiat porta dui, non tincidunt turpis pulvinar at. Vivamus eu vulputate est, ut dignissim nisi. Donec risus ante, dapibus tincidunt nulla vitae, commodo egestas neque.\n> \n> Curabitur a mauris euismod, feugiat felis viverra, efficitur risus. Morbi sollicitudin ligula sit amet mauris maximus commodo. Etiam ac tempor lorem, a lacinia ex. Curabitur placerat diam at cursus egestas. Sed mollis malesuada neque. Nulla id urna et quam varius mollis. Pellentesque ornare mattis tortor id tincidunt. Pellentesque pretium sollicitudin velit, accumsan convallis arcu commodo non.\n\n',1),
(86,'Praesent porttitor accumsan sapien',NULL,'2021-07-12 07:26:43',0,NULL,'2021-07-12 07:26:43',0,'Quisque suscipit blandit sollicitudin. Mauris quis ante arcu. Donec porttitor enim erat, sed vehicula ligula lacinia eget. Praesent porttitor accumsan sapien, ac pretium sem vehicula nec. Phasellus sit amet massa consectetur, laoreet odio quis, efficitur tellus. Curabitur lectus ex, vestibulum ac massa sed, dignissim tempus ex. Etiam scelerisque sed diam et accumsan. Duis arcu nibh, finibus ac ex in, consectetur convallis nibh.\n\n',1),
(87,'Mauris eros nunc',NULL,'2021-07-12 07:27:12',0,NULL,'2021-07-12 07:50:31',0,'Integer pretium lacus vel tortor sodales, sit amet venenatis ante vehicula. Praesent porttitor rutrum leo quis ultricies. Phasellus consequat leo et ornare feugiat. Donec varius scelerisque aliquet. Nulla sed elementum velit, vitae interdum ipsum. **Nam viverra pellentesque leo, nec maximus sem auctor quis. Aenean non bibendum elit, fringilla laoreet massa. Phasellus tincidunt dolor in nibh fermentum lobortis. Sed eget risus eu sapien molestie porttitor. Integer sed ligula quis velit fringilla efficitur in id metus.**\n\nMauris eros nunc, facilisis consectetur ipsum vitae, consequat auctor ex. Mauris dapibus magna est, non convallis purus pulvinar et. Sed tincidunt tristique sem nec ullamcorper. Integer quis massa a orci tincidunt varius. Pellentesque ultrices ligula a tortor egestas, sit amet condimentum quam egestas. Mauris sit amet viverra lorem, ut venenatis lacus. Mauris sit amet pharetra elit, at imperdiet leo. Suspendisse laoreet lorem quis iaculis convallis. Duis ultricies hendrerit justo at viverra. Morbi lacus eros, rhoncus vel ex sed, sollicitudin eleifend elit. Vestibulum felis orci, porttitor nec faucibus eu, ullamcorper in mauris.\n\n',1),
(88,'Donec nec aliquam libero',1,'2021-07-12 07:28:14',0,NULL,'2021-07-12 07:28:14',0,'Duis sodales eu massa ac dapibus. Curabitur quis tortor rhoncus, interdum ante non, lobortis sem. Aliquam quis consectetur arcu. Nullam lectus dui, sodales et magna sit amet, bibendum pretium lacus. Nullam feugiat purus a nibh fermentum suscipit. Pellentesque tincidunt nisi non rhoncus gravida. Sed aliquam et quam vel varius. Integer sapien augue, mattis ut consequat a, malesuada vel magna. Nunc cursus, ipsum mollis vulputate convallis, ipsum lacus condimentum lectus, eu vehicula lacus ipsum ac metus. Etiam faucibus malesuada aliquam. Praesent dui felis, mattis sed magna quis, ullamcorper mattis dolor.\n\nCras venenatis rutrum velit, eget condimentum urna sodales sed. Sed sit amet quam bibendum, tempor enim eu, congue magna. Donec nec aliquam libero. Maecenas tincidunt sit amet magna id aliquam. In lobortis est et luctus accumsan. Proin quis cursus mauris. Aliquam pharetra erat sed nulla hendrerit cursus. Fusce sollicitudin interdum velit, a rutrum nunc gravida non. Suspendisse potenti. Cras ullamcorper magna eu sapien fermentum ultrices. Quisque ut arcu consequat, ultricies ipsum vitae, dapibus felis. Proin ut congue odio, at lobortis dolor.\n\nUt placerat dignissim sem id molestie. Duis eu dui a nunc aliquet tincidunt in ornare eros. Morbi vitae pharetra nisl. Morbi pretium pellentesque mauris sed elementum. Vestibulum ac ipsum at libero auctor laoreet vitae et ligula. Nulla eget maximus purus. Fusce viverra at nulla a venenatis. Vestibulum tincidunt neque in turpis hendrerit, a varius ex eleifend.\n\n',1),
(89,'Nunc luctus erat eget ante ornare',1,'2021-07-12 07:29:39',1,NULL,'2021-07-12 07:50:38',1,'Mauris fermentum massa neque, a interdum libero dictum eget. Sed semper fringilla mi. **Pellentesque varius est maximus** odio tempus, id sagittis mi rhoncus. Suspendisse imperdiet dapibus augue eget efficitur. Praesent eleifend urna libero, quis pretium leo semper eget. Aliquam eget dictum enim. Morbi vulputate sem id nibh tincidunt pretium. Nulla accumsan fringilla est, rutrum consectetur leo dignissim et. Phasellus ullamcorper, nisl ac auctor tempor, arcu nibh aliquam tellus, in suscipit ligula mauris eu metus. Morbi vitae arcu et ex fermentum facilisis. *Duis sit amet libero a risus sodales tincidunt quis ac sem.* Morbi imperdiet egestas nunc, eu porta elit consectetur quis. Phasellus ornare enim nec turpis porttitor sagittis.\n\n* Phasellus pretium pretium eros, eu fermentum nisl imperdiet a. \n\n* Maecenas viverra ut diam eget tristique. \n\n* In massa nibh, iaculis eu dui eu, consectetur volutpat purus. \n',1),
(90,'Donec sit amet purus at ante sodales tristique',1,'2021-07-12 07:30:05',0,NULL,'2021-07-12 07:30:05',0,'Sed pellentesque massa eu est porta interdum. Mauris in quam porttitor, condimentum nisl ut, egestas sapien. Vestibulum ac elit at erat dignissim iaculis. Donec euismod odio mauris, quis fringilla dolor suscipit vulputate. Praesent volutpat, erat ut laoreet scelerisque, turpis eros facilisis dui, ac consequat nisl purus vel dui. Ut a lacus at felis lacinia sodales. Vestibulum ante ipsum primis in faucibus orci luctus et ultrices posuere cubilia curae; Proin ornare pellentesque sem, eu placerat arcu porta elementum. Integer sodales augue nec sem fermentum, ut scelerisque erat vehicula. Aliquam volutpat ex quis ex venenatis auctor. Fusce finibus bibendum sagittis. Pellentesque habitant morbi tristique senectus et netus et malesuada fames ac turpis egestas. Pellentesque habitant morbi tristique senectus et netus et malesuada fames ac turpis egestas. Nam eleifend volutpat pellentesque. Aliquam erat volutpat.',1),
(91,'Integer quis ante magna',1,'2021-07-12 07:30:19',0,NULL,'2021-07-12 07:30:19',0,' Nulla consequat urna ligula, sit amet rutrum nisl dapibus non. Phasellus auctor a neque eu placerat. Praesent rhoncus vestibulum pellentesque. Morbi posuere nulla id faucibus mattis. Donec tincidunt eros eu nibh sollicitudin, sed vehicula enim pretium. Nullam ipsum tellus, dictum vel metus non, ultrices condimentum orci.',1),
(92,'Interdum et malesuada fames ac ante ipsum',4,'2021-07-12 07:31:07',1,NULL,'2021-07-12 07:45:29',1,'Donec tincidunt cursus ante, sed dapibus erat molestie ut. Cras sed nisl vitae nisi cursus viverra a sed ligula. Vestibulum ante ipsum primis in faucibus orci luctus et ultrices posuere cubilia curae; Phasellus nulla mi, facilisis ac elementum sed, semper et magna. Nam interdum ac risus id elementum. Pellentesque scelerisque convallis dui, sed rutrum felis porttitor ut. Aliquam erat volutpat.',1),
(93,'Curabitur nunc urna, commodo id libero vel',1,'2021-07-12 07:32:05',0,NULL,'2021-07-12 07:32:05',0,'> Ut arcu risus, lacinia at odio non, commodo congue orci. Curabitur leo sapien, finibus a quam vel, interdum dictum nunc. Donec vitae nulla non lorem commodo aliquet. Quisque at maximus est. **Cras aliquam**, ipsum ac aliquet luctus, orci nibh consectetur ex, sit amet fringilla orci massa at ante. Donec laoreet non nibh non pellentesque. Vestibulum a diam ac est vestibulum dignissim. Proin pharetra fringilla sem, in lacinia est. Proin tincidunt euismod risus. Pellentesque suscipit tristique tellus sit amet aliquet. Quisque tellus risus, ultricies ultrices mauris cursus, porta laoreet libero. Suspendisse iaculis dolor feugiat quam luctus finibus.\n\nMaecenas ipsum risus, blandit ac interdum ac, imperdiet quis lacus. Ut sed congue urna. Proin ligula est, porttitor vitae malesuada nec, varius sed justo. Nulla tristique ligula nec nisl facilisis, vitae imperdiet arcu scelerisque. Vivamus efficitur placerat metus, eget mattis neque porttitor in. Donec scelerisque magna nec nulla hendrerit, at dapibus neque mattis. Donec auctor dui sed venenatis consequat.',1),
(94,'Sed at metus a orci bibendum feugiat',3,'2021-07-12 07:32:36',1,NULL,'2021-07-12 07:45:39',0,'Integer vel dolor sed nisl aliquam tincidunt. Nunc elementum ac ligula ac gravida. Morbi sed diam purus. Proin non lorem ut dui maximus efficitur vel eget elit. Vivamus dignissim venenatis lectus. Quisque porttitor, metus quis faucibus luctus, odio nunc commodo eros, at faucibus ligula ipsum a diam. Donec bibendum turpis mollis nulla molestie, in pretium arcu mollis. Orci varius natoque penatibus et magnis dis parturient montes, nascetur ridiculus mus. Nunc tellus lectus, fermentum ut ligula in, venenatis rutrum tortor. Phasellus interdum metus vel justo malesuada euismod.\n\n',1),
(95,'In blandit faucibus metus, non efficitur mi elementum vitae',3,'2021-07-12 07:32:52',0,NULL,'2021-07-12 07:32:52',0,'Mauris diam turpis, facilisis eget imperdiet et, hendrerit quis est. Donec urna urna, interdum id condimentum et, interdum vel turpis. Phasellus quis suscipit dui, id mollis felis. Phasellus gravida ex ut auctor posuere. In et ex convallis, eleifend ipsum ut, sagittis nisi. Sed non sem eget odio pretium luctus tincidunt ac erat. Morbi cursus hendrerit dignissim. Phasellus elit sem, efficitur nec blandit eu, porttitor vitae nisl. Donec fermentum ante ac posuere interdum. Nullam magna purus, euismod vel purus sit amet, efficitur bibendum sem. Ut eu fermentum orci. Aenean convallis neque eu elit maximus tristique. Donec ac interdum dui.\n\nInteger ut ipsum porttitor magna semper condimentum et quis eros. Maecenas nisi nunc, tempor vitae augue sit amet, tempus dictum sapien. Integer interdum pretium venenatis. Sed feugiat laoreet volutpat. Pellentesque consequat vel nisl id sagittis. Integer ut nunc faucibus, iaculis enim vitae, tempor lectus. Fusce vitae venenatis sem, vel malesuada neque. Donec tristique blandit mauris, ac tincidunt diam commodo at. Duis metus lorem, faucibus quis facilisis vel, efficitur eget nisl. Sed et tincidunt eros. Nullam sed congue metus. Aliquam euismod ullamcorper augue, id congue enim posuere vitae. Donec in tellus eu mauris blandit bibendum. Integer ultrices quis ex ut tristique.\n\nProin auctor mattis varius. Nam velit risus, vestibulum eget massa sed, fringilla rhoncus mi. Maecenas tincidunt sagittis mollis. Maecenas mattis finibus molestie. Cras eu diam ornare, pharetra enim quis, posuere eros. Sed ut odio fringilla, interdum diam id, consectetur tellus. Duis vel eros sed elit auctor ornare. Donec id nisl ligula.',1),
(96,'Vestibulum mattis in velit a dapibus',3,'2021-07-12 07:33:23',0,NULL,'2021-07-12 07:50:23',1,'Integer mauris urna, lobortis quis egestas sit amet, mattis a sem. Sed rutrum leo a nulla egestas consequat. Duis sem elit, hendrerit a lorem non, consequat sodales turpis. Nullam enim orci, bibendum sit amet mattis id, ornare ac tellus. Suspendisse fermentum tristique mollis. Sed pulvinar id ante sollicitudin fringilla. Suspendisse ultricies nisi tellus, a semper orci commodo vel. Vestibulum quis quam eget ipsum volutpat dignissim quis et metus. Mauris rutrum tortor ante, pulvinar auctor nisi dapibus eget. In sem enim, vulputate id placerat et, laoreet non erat. Morbi id purus accumsan, lobortis mauris a, rutrum elit. Integer consequat nunc in efficitur imperdiet. Aenean mattis interdum urna gravida scelerisque.\n\nDonec elementum tortor id diam vestibulum, ac tincidunt ex fermentum. Maecenas non maximus libero. Pellentesque nec lobortis dolor. **Fusce id ligula id** neque mollis varius quis non felis. Morbi commodo felis mattis tellus ultrices, et imperdiet nibh eleifend. Duis metus massa, tincidunt vitae sagittis vel, suscipit a libero. Duis ultrices in dui et laoreet. Sed non pulvinar quam. Ut quis scelerisque metus. In hac habitasse platea dictumst. Ut libero massa, laoreet eu tincidunt ut, bibendum et sapien. **Ut eleifend metus odio**, at elementum erat feugiat vel. Cras id ullamcorper orci.',1),
(97,'Aenean pulvinar sem at lorem consectetur sollicitudin',NULL,'2021-07-12 07:35:29',0,NULL,'2021-07-12 07:35:29',0,'Phasellus accumsan pharetra imperdiet. Suspendisse at nisi sit amet diam porta aliquet. Pellentesque malesuada magna pellentesque, faucibus quam lobortis, condimentum sem. Proin bibendum ante eu massa commodo auctor. Proin id finibus orci. Fusce aliquet ipsum in justo pellentesque, ut tempor turpis fermentum. Donec ac lacus nec sapien tristique tempus.\n\nDonec in ultricies lacus, eu commodo metus. Fusce quis velit a odio porttitor tempor in vel justo. Suspendisse consequat accumsan velit at ultricies. Nam diam leo, elementum efficitur libero id, rhoncus porttitor erat. Suspendisse vitae orci ullamcorper, accumsan ipsum id, cursus leo. Mauris pellentesque turpis est, sit amet maximus magna tristique non. In hac habitasse platea dictumst. Mauris et purus eu leo lacinia luctus id at dolor. Etiam quis enim maximus, tempor mauris quis, porttitor dolor. Phasellus feugiat magna et mollis euismod. Duis eu sapien nunc. Aenean id nibh congue, pellentesque libero ut, vulputate nisi. Fusce mattis sollicitudin vehicula.\n\nMauris a orci velit. Pellentesque at feugiat ligula. Nulla facilisi. Vivamus eget elit massa. Donec tristique purus velit, eget condimentum ligula hendrerit a. Sed mollis lacus vitae justo condimentum, placerat condimentum orci vehicula. In ut urna sit amet est accumsan rhoncus. Maecenas gravida neque at ex malesuada, nec sodales odio egestas. Maecenas non ipsum vitae arcu sodales maximus eget quis mauris.\n\nVestibulum eget convallis urna. Aliquam mattis pellentesque lorem, et imperdiet leo pharetra quis. Sed id ligula ut tortor euismod faucibus ut at nunc. Maecenas non semper lacus. Donec velit risus, luctus vitae cursus faucibus, gravida nec mauris. Ut dapibus interdum velit in placerat. Fusce vel maximus ligula, ut hendrerit nunc. Nunc turpis diam, tincidunt a diam vel, porta bibendum nunc. In porttitor velit quis fringilla tincidunt. Nunc eu volutpat risus. Phasellus condimentum ornare neque a posuere. Integer pellentesque eu lectus a egestas. Pellentesque elementum ex velit, vel commodo arcu varius sed. Vestibulum ante ipsum primis in faucibus orci luctus et ultrices posuere cubilia curae; Praesent eget condimentum purus. Praesent porta blandit quam vel maximus.',1),
(98,'Aliquam leo diam, ornare ac odio id',NULL,'2021-07-12 07:35:52',0,NULL,'2021-07-13 02:47:03',0,'blandit efficitur quam. Vestibulum maximus posuere tempor. In fermentum neque at ex vehicula cursus. Cras pellentesque porttitor pretium. Proin id ante in neque pulvinar lacinia. Suspendisse imperdiet vulputate neque sed convallis. Aliquam augue odio, tristique consequat molestie sed, gravida vel tellus. Integer semper aliquet lorem eu efficitur. Nunc maximus eget nulla ac vehicula. Vestibulum suscipit sed tellus eget faucibus. Vivamus vel orci tincidunt, tincidunt est id, luctus mi. Proin eu nibh magna. Integer et malesuada sapien, vitae blandit velit. Nam id magna at ex dapibus vestibulum ac sed nunc.\n\nCurabitur quis eleifend nisl, nec volutpat tortor. Nam lorem libero, bibendum non diam vitae, aliquam commodo sapien. Aenean mi nisl, tristique eu aliquet at, cursus et mauris. Nam id mi sem. Fusce fringilla posuere justo id volutpat. In at nisl id mi efficitur commodo at at tellus. Vivamus eget nisl nisl. Pellentesque eu lacinia tortor. Donec rhoncus hendrerit justo, at laoreet massa. Nullam ultricies, ipsum ut scelerisque tincidunt, augue ligula pulvinar orci, id bibendum ligula eros ac quam.\n\n',1),
(99,'Curabitur commodo varius felis',NULL,'2021-07-12 07:36:27',0,NULL,'2021-07-12 07:36:27',0,'Pellentesque habitant morbi tristique senectus et netus et malesuada fames ac turpis egestas. Mauris fringilla quam dui, at aliquam odio venenatis sed. Praesent a rhoncus risus. Suspendisse erat lectus, dapibus at pharetra a, eleifend ac leo. Fusce placerat risus facilisis quam faucibus accumsan non in ante. Vivamus sed urna sed sem sollicitudin placerat. Interdum et malesuada fames ac ante ipsum primis in faucibus. Ut vel odio vulputate, ultricies lorem ac, auctor orci. Suspendisse non elit consectetur, consequat neque non, mattis sem. In sed porttitor libero, non aliquet augue. Curabitur euismod, metus et sodales consectetur, sem mi blandit nisl, euismod rhoncus turpis mi et quam.\n\nDonec volutpat facilisis ante, non condimentum tortor condimentum eget. Maecenas sollicitudin imperdiet dolor, sed hendrerit tortor mattis eget. Morbi facilisis sagittis orci at porta. Vivamus tempor fermentum feugiat. Nulla nec velit vestibulum, tristique felis eget, aliquam dolor. Sed dignissim dolor non turpis porttitor, in fringilla sapien vestibulum. Integer at mattis nulla. Donec dignissim quam at nibh luctus dapibus. \n\n* Cras in purus vel leo feugiat aliquam at eget nulla. \n\n* In pulvinar metus id bibendum facilisis. Sed vulputate felis diam. \n\n* Curabitur turpis sem, gravida id hendrerit non, hendrerit quis massa. \n\nMaecenas at metus vel ipsum iaculis fringilla. Proin eu ipsum accumsan, rhoncus dui nec, congue lorem. Nunc libero metus, dictum sed dignissim sit amet, pretium at nisl.\n\n',1),
(100,'Curabitur gravida tincidunt turpis',NULL,'2021-07-12 07:37:00',0,NULL,'2021-07-12 07:37:00',0,'Integer id sagittis dui, eu faucibus massa. Donec suscipit, magna a porttitor dapibus, eros purus tincidunt erat, id sodales risus nulla vel lacus. Nulla quis mollis odio. Nam efficitur vel ligula et pulvinar. Interdum et malesuada fames ac ante ipsum primis in faucibus. Aliquam erat volutpat. Etiam sagittis eu nisi a blandit. Lorem ipsum dolor sit amet, consectetur adipiscing elit. Nullam ornare venenatis malesuada. Sed eu leo bibendum, placerat est eu, ultricies eros. Duis semper vehicula porttitor.',1),
(101,'Integer sed tortor accumsan',NULL,'2021-07-12 07:37:19',1,NULL,'2021-07-12 07:45:38',0,'Nulla purus velit, tincidunt ut massa sed, fringilla commodo lectus. Praesent eget sollicitudin nulla. Phasellus aliquam tellus ac odio vehicula commodo. In id pulvinar lorem, quis faucibus arcu. Nam eu purus eu ipsum mattis dapibus. Quisque eleifend in nisi non vestibulum. Suspendisse euismod posuere mi, vel bibendum risus iaculis vitae. Morbi eget pellentesque erat. Nulla quis pharetra sapien. In commodo odio fermentum rhoncus commodo.\n\n',1),
(102,'Vestibulum fringilla id nunc eu finibus',NULL,'2021-07-12 07:37:33',0,NULL,'2021-07-12 07:37:33',0,'Nulla mattis, nisi sit amet aliquet dictum, ipsum nisl condimentum nisi, eget cursus velit ante et nulla. Donec feugiat sem eu nibh blandit ultricies. Donec ornare est in ligula ornare, at pellentesque dolor fringilla. Vestibulum tincidunt venenatis nisi, quis egestas nisl rhoncus id. Curabitur gravida lectus in nibh lacinia molestie. Aliquam sodales accumsan tellus, in tincidunt sem.',1),
(103,'Nullam vel tellus quis nulla tincidunt rhoncus a id felis',NULL,'2021-07-12 07:37:48',0,NULL,'2021-07-12 07:37:48',0,'Phasellus posuere tortor quis risus luctus mattis. Ut sollicitudin, elit vel viverra congue, erat dolor fringilla ante, quis imperdiet tellus velit nec ipsum. Vivamus bibendum arcu vel purus maximus rhoncus. Donec fringilla ipsum in elit congue, sit amet feugiat odio malesuada. Mauris non lectus orci. Donec non semper eros. Phasellus sed purus vitae risus auctor vulputate.',1),
(104,'Curabitur accumsan rhoncus elementum',2,'2021-07-12 07:39:15',0,NULL,'2021-07-12 07:39:15',0,'Quisque ultrices vitae lacus vel rutrum. Nullam in blandit nulla, id porta quam. Vestibulum at purus massa. In lacinia blandit tellus non molestie. Nunc varius viverra odio, nec sodales mauris tincidunt non. Donec sit amet viverra mauris, vitae vestibulum erat. In rhoncus ipsum a mattis sagittis. Morbi nec dignissim libero. Sed ullamcorper tortor sed nisl faucibus tristique vel vitae quam. Phasellus id dolor venenatis, porttitor enim eu, sollicitudin massa. Suspendisse potenti. Sed elementum erat augue, sed sollicitudin sem sollicitudin vel. Mauris fermentum augue pulvinar ex varius imperdiet non sit amet ante.\n\n',1),
(105,'Aenean pellentesque consequat dolor',2,'2021-07-12 07:39:27',0,NULL,'2021-07-12 07:39:27',0,'Aliquam sollicitudin pulvinar euismod. Aliquam ut congue urna. Suspendisse accumsan commodo lorem, nec scelerisque justo cursus et. Curabitur pellentesque enim vitae gravida posuere. Fusce euismod est nec eros fermentum, ac pulvinar purus blandit. Curabitur at orci lacus. Pellentesque laoreet lectus eu erat efficitur, ut euismod risus tristique. Suspendisse potenti. Maecenas vestibulum nisl ex, sit amet fermentum libero venenatis vitae. Nulla ultricies dignissim tincidunt. Curabitur sodales, velit ut lobortis dapibus, felis odio vehicula tellus, nec pulvinar nunc nisi ac augue. Donec ornare rutrum ligula a hendrerit. Suspendisse efficitur sapien quam, ut vehicula odio blandit vitae. Donec blandit finibus interdum. Nunc non ante a neque consectetur condimentum.\n\n',1),
(106,'Fusce eros purus',2,'2021-07-12 07:39:41',0,NULL,'2021-07-12 07:39:41',0,'Duis eget ultricies eros. Integer tristique odio in mattis varius. Sed ut laoreet elit. Maecenas nec dui luctus, tempor erat ut, malesuada sem. Proin mattis, lacus interdum gravida consequat, ipsum urna eleifend leo, ut blandit tortor ligula et justo. Etiam nec sollicitudin augue, sit amet efficitur ligula. Maecenas dignissim lacinia ultricies. Aliquam at odio ac sem aliquet accumsan sit amet sed mauris. Pellentesque faucibus quam non efficitur iaculis. Cras pretium pulvinar velit quis convallis. Nunc sed nisi id purus viverra congue nec eget diam.\n\nAliquam facilisis id dolor sit amet luctus. Suspendisse enim sem, hendrerit efficitur metus a, auctor suscipit ex. Cras scelerisque orci non libero dignissim aliquet. Curabitur sit amet nisl arcu. Nullam sed volutpat arcu. Nam condimentum nibh consectetur, mollis eros sit amet, ultrices lorem. Phasellus sit amet est maximus, venenatis augue eget, cursus eros. Nulla facilisi. Aliquam eu mauris quam. Nullam tincidunt ullamcorper nulla nec vehicula.\n\n',1),
(107,'Aliquam non aliquam arcu',2,'2021-07-12 07:39:54',0,NULL,'2021-07-12 07:39:54',0,'Duis facilisis lorem eu justo blandit, pretium blandit metus vulputate. Maecenas viverra aliquet est, at scelerisque dolor dictum non. Ut pharetra justo diam, vitae commodo mi lacinia eu. Nunc sodales turpis vel pulvinar consequat. Praesent vulputate elementum libero, ac ornare justo congue eu. Cras semper lobortis auctor. Nunc vel metus vitae nibh feugiat mattis. Curabitur eu elit ut sapien pharetra ultricies nec id augue. Sed rhoncus nisi vitae augue cursus semper. Praesent laoreet nulla ut orci volutpat tincidunt. Pellentesque vel nisi sit amet tortor imperdiet accumsan vitae at dolor. Sed semper felis nec interdum lobortis. Cras lobortis ac quam vel lobortis. Nullam quis molestie velit. Sed dictum ultricies nulla sit amet mattis.\n\nDonec molestie velit lectus, vitae rutrum magna dictum id. Pellentesque semper justo pellentesque quam sagittis venenatis. Donec tortor tortor, posuere non fringilla vitae, rutrum non augue. Praesent auctor ante lorem, in rhoncus enim sodales ut. Nunc bibendum, dui et mollis porttitor, justo dolor congue ex, a dictum sapien metus sit amet elit. Sed hendrerit mollis arcu eget commodo. Phasellus volutpat eleifend ante. Mauris quis tellus vel nisi eleifend suscipit consequat non arcu.\n\nNulla odio eros, ullamcorper sed consectetur ut, lacinia vel risus. Integer viverra consequat ex ut congue. Aliquam interdum nec augue sit amet pharetra. Ut fringilla ullamcorper arcu sed fringilla. Etiam sem ligula, maximus sed placerat id, mollis a elit. Praesent tempor maximus eros, in hendrerit nisl tincidunt non. Duis vel metus ipsum. Pellentesque habitant morbi tristique senectus et netus et malesuada fames ac turpis egestas. Suspendisse vitae dui ac velit malesuada ultricies a ac ipsum.',1),
(108,'Nullam convallis metus velit',1,'2021-07-12 07:49:07',0,NULL,'2021-07-12 07:49:07',0,'Suspendisse sagittis lacus id felis ullamcorper, ac tincidunt ligula vulputate. Integer feugiat nisl quam, in posuere nisl posuere vitae. Nullam rutrum at ipsum pellentesque malesuada. Donec arcu dolor, facilisis nec ultricies eu, feugiat sed enim. Nam pharetra neque et orci cursus, eu luctus nisl tincidunt. Interdum et malesuada fames ac ante ipsum primis in faucibus. Vestibulum pellentesque, massa tristique sodales dignissim, nulla lorem fermentum orci, eget dapibus ex quam rhoncus eros. Aenean quis velit dui. Aenean laoreet ex et massa sollicitudin consequat. Nunc ac efficitur eros. Nam faucibus tellus sit amet erat gravida, non egestas lacus pulvinar. Aliquam convallis tincidunt dolor, eget pulvinar augue fringilla ut. Pellentesque at neque ut erat viverra varius. Aliquam tempus ante eget diam porttitor, ac commodo tellus feugiat. Curabitur hendrerit eros eget ligula faucibus imperdiet.',1);

/*Table structure for table `users` */

DROP TABLE IF EXISTS `users`;

CREATE TABLE `users` (
  `id` int(11) NOT NULL AUTO_INCREMENT,
  `username` varchar(255) COLLATE utf8mb4_unicode_ci DEFAULT NULL,
  `passwordhash` varchar(560) COLLATE utf8mb4_unicode_ci DEFAULT NULL,
  `email` varchar(560) COLLATE utf8mb4_unicode_ci DEFAULT NULL,
  `level` int(11) NOT NULL DEFAULT '0',
  `approved` tinyint(4) DEFAULT '0',
  PRIMARY KEY (`id`)
) ENGINE=InnoDB AUTO_INCREMENT=14 DEFAULT CHARSET=utf8mb4 COLLATE=utf8mb4_unicode_ci;

/*Data for the table `users` */

insert  into `users`(`id`,`username`,`passwordhash`,`email`,`level`,`approved`) values 
(1,'admin','240be518fabd2724ddb6f04eeb1da5967448d7e831c08c8fa822809f74c720a9','email@email.com',2,1),
(2,'SomeGuy','362b0b6d0da11b21d43eb350d3bec251f2a146cf957a7b220b9330035a78ba39','guy@some.com',1,1),
(3,'Dusan','8d2046ce54330d9470ba4060f8c7aae8f35534fd2f11ac5eaf54c40ece4131cc','dux@ducis.com',1,1),
(4,'Marko','b46ea4ca5b6cb70b2965d8483a1ba85b92644fe9f9e04a860c891d92589a1cf4','marko@marko.com',1,1),
(6,'whatever','c2c8a89e5590c58bdcc22a87e514d1ba367da950d61ae0e23e36591a93cdd464','whatever@wot.com',1,1),
(7,'yorik','8d969eef6ecad3c29a3a629280e686cf0c3f5d5a86aff3ca12020c923adc6c92','admin@admin.com',1,1),
(8,'Mandrak','bcb15f821479b4d5772bd0ca866c00ad5f926e3580720659cc80d39c9d09802a','man@drak.com',1,1),
(12,'Nikola','3eaf0ff39b53c1e893971406e247f70fcad2b1d40674d696eea726e6953089c7','nikola@niko.com',1,0),
(13,'Nenad','761077cb97aaf06fdfc8da803297e38dda81e5053543913a191a48be20989088','nenad@some.com',1,0);

/*!40101 SET SQL_MODE=@OLD_SQL_MODE */;
/*!40014 SET FOREIGN_KEY_CHECKS=@OLD_FOREIGN_KEY_CHECKS */;
/*!40014 SET UNIQUE_CHECKS=@OLD_UNIQUE_CHECKS */;
/*!40111 SET SQL_NOTES=@OLD_SQL_NOTES */;
